"prova_id","questao_id","comentario"
"1","1","📋 QUESTÃO 1 — SÍNDROME OCULOGLANDULAR DE PARINAUD

🏥 Banca: Prova sem nome | Ano: não informado | Especialidade: Infectologia / Oftalmologia Pediátrica

━━━━━━━━━━━━━━━━━━━━━━━━━━━━━━━━━━━━━━
🎯 GABARITO: Alternativa E
✅ ATUALIZADA
━━━━━━━━━━━━━━━━━━━━━━━━━━━━━━━━━━━━━━

## 📝 COMENTÁRIO GERAL

Esta questão aborda uma apresentação clássica da **Síndrome Oculoglandular de Parinaud (SOP)**, que representa uma forma atípica de **doença da arranhadura do gato (DAG)**, causada pela *Bartonella henselae*.

A tríade clássica da SOP consiste em:
1. **Conjuntivite granulomatosa unilateral** (geralmente indolor, com pouca ou nenhuma secreção)
2. **Linfadenopatia pré-auricular e/ou submandibular ipsilateral**
3. **Histórico de contato com gatos** (especialmente filhotes)

O mecanismo ocorre quando a *Bartonella* é inoculada diretamente na conjuntiva — seja por arranhadura próxima ao olho, lambedura ou contato das mãos contaminadas com a mucosa ocular. A bactéria então drena para os linfonodos regionais (pré-auriculares), causando linfadenopatia satélite.

**Dados epidemiológicos relevantes:**
- A DAG é a causa mais comum de SOP (responsável por ~60-80% dos casos)
- Mais frequente em crianças e adolescentes
- Pico de incidência no outono/inverno (época de ninhadas de gatos)

---

## 🔍 ANÁLISE DAS ALTERNATIVAS

### ✅ Alternativa E — Síndrome oculoglandular de Parinaud — CORRETA

O caso apresenta **todos os elementos clássicos**:
- Conjuntivite **unilateral** (olho esquerdo)
- **Edema e hiperemia sem secreção purulenta** (padrão granulomatoso)
- **Indolor** (diferente das conjuntivites bacterianas típicas)
- **Linfadenopatia pré-auricular ipsilateral** (linfonodo satélite)
- **Contato com gato** em domicílio
- **Ausência de febre** (comum nas formas localizadas da DAG)

A SOP é considerada uma **manifestação ocular da doença da arranhadura do gato**, sendo a *Bartonella henselae* o agente etiológico mais frequente.

---

### ❌ Alternativa A — Glaucoma — INCORRETA

O glaucoma agudo (de ângulo fechado) cursa com:
- **Dor ocular intensa** (o caso é indolor)
- **Redução da acuidade visual**
- **Náuseas e vômitos**
- **Pupila em midríase média fixa**
- **Olho endurecido à palpação**
- **Não causa linfadenopatia**

Além disso, o glaucoma agudo é **extremamente raro em crianças** — quando ocorre na pediatria, geralmente é glaucoma congênito, que se manifesta com buftalmo, lacrimejamento e fotofobia.

---

### ❌ Alternativa B — Conjuntivite por adenovírus — INCORRETA

A conjuntivite adenoviral (febre faringoconjuntival) é a causa **mais comum** de conjuntivite viral e pode cursar com linfadenopatia pré-auricular. Porém, apresenta características distintas:
- Geralmente **bilateral** (ou inicia unilateral e rapidamente se torna bilateral)
- **Secreção aquosa abundante**
- Frequentemente associada a **sintomas respiratórios** (faringite, coriza)
- **Altamente contagiosa** — esperaríamos casos semelhantes na família/escola
- Pode haver **febre** (especialmente na febre faringoconjuntival)

O caso nega secreção, sintomas respiratórios, febre e contactantes — afastando esta hipótese.

---

### ❌ Alternativa C — Conjuntivite por Epstein-Barr — INCORRETA

A infecção por EBV (mononucleose infecciosa) raramente causa conjuntivite como manifestação principal. Quando há acometimento ocular, geralmente ocorre no contexto de:
- **Síndrome mono-like completa** (febre, faringite, linfadenopatia generalizada, esplenomegalia)
- **Edema palpebral bilateral** (sinal de Hoagland)

O caso apresenta uma criança **afebril, sem sintomas sistêmicos**, com acometimento **unilateral** e linfadenopatia **localizada** — incompatível com EBV.

---

### ❌ Alternativa D — Ceratoconjuntivite por esporotricose — INCORRETA

A esporotricose (causada pelo *Sporothrix schenckii*) é uma micose subcutânea que:
- Classicamente causa a **forma linfocutânea** (lesões nodulares ao longo do trajeto linfático)
- O acometimento ocular é **muito raro**
- Quando ocorre, geralmente há **lesão cutânea primária** evidente na face
- Mais associada a **jardineiros, floristas** e contato com **vegetais/terra**
- Embora gatos possam transmitir (especialmente em áreas endêmicas como RJ), a apresentação seria diferente

A ausência de lesões cutâneas e o padrão clínico tornam esta hipótese improvável.

---

## 💡 DICA DE PROVA

> **""Conjuntivite unilateral + adenopatia pré-auricular + gato = Parinaud""**

Esta é uma associação clássica de provas de residência. Sempre que o enunciado mencionar:
- Conjuntivite **granulomatosa/indolor**
- Linfadenopatia **pré-auricular ipsilateral**
- Contato com **gatos**

→ Pense imediatamente em **Síndrome Oculoglandular de Parinaud** por *Bartonella henselae*.

**Outras causas de SOP** (menos cobradas): tularemia, esporotricose, tuberculose, sífilis, linfogranuloma venéreo — mas a DAG é disparadamente a mais frequente e a mais cobrada em provas."
"1","2","📋 QUESTÃO 2 — HÉRNIA DIAFRAGMÁTICA CONGÊNITA

🏥 Banca: Prova sem nome | Ano: não informado | Especialidade: Cirurgia Pediátrica / Neonatologia

━━━━━━━━━━━━━━━━━━━━━━━━━━━━━━━━━━━━━━
🎯 GABARITO: Alternativa D
✅ ATUALIZADA
━━━━━━━━━━━━━━━━━━━━━━━━━━━━━━━━━━━━━━

## 📝 COMENTÁRIO GERAL

A **hérnia diafragmática congênita (HDC)** é uma malformação resultante do fechamento incompleto do diafragma durante a embriogênese (entre a 4ª e 10ª semanas de gestação). A falha permite a herniação de vísceras abdominais para o tórax, comprometendo o desenvolvimento pulmonar ipsilateral e, em casos graves, também o contralateral.

**Classificação anatômica:**

| Tipo | Localização | Frequência | Lado predominante |
|------|-------------|------------|-------------------|
| **Bochdalek** | Posterolateral | **85-90%** | Esquerdo (80-85%) |
| **Morgagni** | Anterior/retroesternal | 2-5% | Direito |
| **Hiatal** | Hiato esofágico | Rara | Central |
| **Central** | Porção central | Muito rara | — |

A **predominância à esquerda** na hérnia de Bochdalek ocorre porque o fechamento do canal pleuroperitoneal direito acontece antes do esquerdo, e o fígado oferece ""proteção"" ao hemidiafragma direito.

**Fisiopatologia crítica:**
A herniação precoce das vísceras abdominais impede o desenvolvimento pulmonar normal, causando:
- **Hipoplasia pulmonar** (redução do número de alvéolos e vasos)
- **Hipertensão pulmonar persistente** (vasculatura pulmonar anormalmente reativa)

Esses dois fatores — e não a compressão mecânica em si — são os principais determinantes da **morbimortalidade**, que pode chegar a 30-50% mesmo em centros especializados.

---

## 🔍 ANÁLISE DAS ALTERNATIVAS

### ✅ Alternativa D — CORRETA
**""As afirmativas I, II e III estão corretas.""**

Todas as três afirmativas apresentam informações precisas e bem estabelecidas na literatura:

---

**Afirmativa I — CORRETA ✓**
> *""Em 90% dos casos ocorre na porção posterolateral do diafragma, chamada de hérnia de Bochdalek, sendo a maioria do lado esquerdo.""*

- A hérnia de **Bochdalek** (forame de Bochdalek = canal pleuroperitoneal) corresponde a **85-90%** dos casos
- Localização **posterolateral**
- Predomínio **esquerdo** (80-85%) — o lado direito fecha primeiro embriologicamente e tem proteção hepática
- *Observação: há erro de grafia no enunciado (""Bochdaek"" em vez de ""Bochdalek""), mas não invalida a afirmativa*

---

**Afirmativa II — CORRETA ✓**
> *""As hérnias anteriores são chamadas de H. de Morgagni e são bem menos comuns.""*

- Hérnia de **Morgagni** (forame de Morgagni = fenda esternocostal/retroesternal)
- Localização **anterior**
- Representa apenas **2-5%** das HDC
- Mais comum à **direita**
- Frequentemente diagnosticada mais tardiamente (pode ser assintomática na infância)

---

**Afirmativa III — CORRETA ✓**
> *""A principal causa de morbimortalidade é a hipoplasia pulmonar.""*

- A **hipoplasia pulmonar** é o fator prognóstico mais importante
- Associada à **hipertensão pulmonar persistente do recém-nascido (HPPN)**
- Determina a gravidade clínica e a resposta ao tratamento
- A mortalidade está diretamente relacionada ao grau de hipoplasia (avaliada por índices como LHR — *Lung-to-Head Ratio* — no pré-natal)

---

### ❌ Alternativa A — INCORRETA
Afirma que a III está incorreta, mas a hipoplasia pulmonar é reconhecidamente a principal causa de morbimortalidade.

### ❌ Alternativa B — INCORRETA
Afirma que a II está incorreta, mas a descrição da hérnia de Morgagni como anterior e menos comum está correta.

### ❌ Alternativa C — INCORRETA
Afirma que a I está incorreta, mas a descrição da hérnia de Bochdalek (posterolateral, ~90%, predomínio esquerdo) está precisa.

### ❌ Alternativa E — INCORRETA
Afirma que todas estão incorretas, quando na verdade todas estão corretas.

---

## 💡 DICA DE PROVA

**Memorização clássica:**

> **""Bochdalek = Back (posterior) = Bebês""**
> *(posterolateral, apresentação neonatal)*

> **""Morgagni = Medial/anterior = Mais velhos""**
> *(anterior, diagnóstico mais tardio)*

**Pontos de prova frequentes:**
- Bochdalek: posterolateral, esquerda, 90%, neonatal
- Morgagni: anterior, direita, rara, pode ser tardia
- Principal causa de óbito: hipoplasia pulmonar + hipertensão pulmonar
- **NÃO** se deve ventilar com máscara (distende alças herniadas) → intubação precoce
- Cirurgia **NÃO** é emergência imediata → estabilização clínica primeiro"
"1","3","📋 QUESTÃO 3 — USO DE ALBUMINA NO EDEMA NEFRÓTICO

🏥 Banca: Prova sem nome | Ano: não informado | Especialidade: Nefrologia / Clínica Médica

━━━━━━━━━━━━━━━━━━━━━━━━━━━━━━━━━━━━━━
🎯 GABARITO: Alternativa A
✅ ATUALIZADA
━━━━━━━━━━━━━━━━━━━━━━━━━━━━━━━━━━━━━━

## 📝 COMENTÁRIO GERAL

Esta questão aborda um tema clássico e clinicamente relevante: o **uso racional de albumina humana no edema nefrótico grave**. Trata-se de uma questão do tipo ""afirmativa-razão"", que exige análise da veracidade de cada proposição E da relação causal entre elas.

### Contexto Fisiopatológico

No **edema nefrótico**, a hipoalbuminemia grave (albumina sérica < 2,5 g/dL) reduz a pressão oncótica plasmática, favorecendo o extravasamento de líquido para o interstício. Entretanto, o manejo do edema é complexo porque:

1. **Nem todo paciente nefrótico está hipovolêmico** — muitos apresentam **hipervolemia** com ativação do sistema renina-angiotensina-aldosterona (SRAA) por mecanismos intrínsecos renais (""underfill"" vs. ""overfill"")

2. **A albumina infundida é rapidamente perdida na urina** em pacientes com proteinúria maciça, limitando seu benefício

3. **O risco de sobrecarga volêmica é real**, especialmente em pacientes que já estão hipervolêmicos

### Por que a infusão de albumina exige cautela?

A albumina exógena **expande agudamente o volume intravascular**. Em pacientes com:
- Função cardíaca limítrofe
- Hipertensão arterial de base
- Hipervolemia prévia

Essa expansão pode precipitar:
- **Insuficiência cardíaca descompensada**
- **Edema agudo de pulmão**
- **Crises hipertensivas**

Por isso, as diretrizes (incluindo recomendações da SBN e consensos internacionais) orientam que o uso de albumina no edema nefrótico deve ser **individualizado**, reservado para casos selecionados (ex: edema refratário a diuréticos com hipovolemia documentada), e **nunca de forma sistemática**.

---

## 🔍 ANÁLISE DAS ALTERNATIVAS

### ✅ Alternativa A — CORRETA
**""Ambas afirmativas estão corretas e a II é uma justificativa correta da I.""**

| Afirmativa | Análise |
|------------|---------|
| **I** | ✅ Verdadeira — A cautela na infusão de albumina em hipervolêmicos é consenso na literatura |
| **II** | ✅ Verdadeira — Descreve corretamente os riscos da expansão volêmica (IC, EAP, HAS) |
| **Relação causal** | ✅ Existe — A razão pela qual devemos ter cautela (afirmativa I) é justamente o risco de exacerbação da volemia e suas consequências (afirmativa II) |

A afirmativa II **explica o mecanismo** pelo qual a cautela é necessária, estabelecendo relação de causa e efeito válida.

---

### ❌ Alternativa B — INCORRETA
**""Ambas afirmativas estão corretas e a II não é uma justificativa correta da I.""**

Embora reconheça que ambas são verdadeiras, **erra ao negar a relação causal**. A afirmativa II é precisamente a justificativa fisiopatológica da recomendação expressa na afirmativa I. A cautela existe *porque* há risco de sobrecarga volêmica.

---

### ❌ Alternativa C — INCORRETA
**""A afirmativa I está correta e a II incorreta.""**

A afirmativa II está **correta**. Os riscos descritos (IC, edema pulmonar, piora da HAS) são bem documentados e representam as principais complicações da infusão de albumina em pacientes hipervolêmicos, especialmente quando administrada rapidamente.

---

### ❌ Alternativa D — INCORRETA
**""A afirmativa I está incorreta e a II correta.""**

A afirmativa I está **correta**. A recomendação de cautela na infusão de albumina em pacientes hipervolêmicos é amplamente aceita e faz parte das boas práticas clínicas em nefrologia.

---

### ❌ Alternativa E — INCORRETA
**""Ambas estão incorretas.""**

Ambas as afirmativas estão **corretas**, conforme discutido acima. Esta alternativa não procede.

---

## 💡 DICA DE PROVA

> **""Albumina no nefrótico: NÃO é rotina!""**

Para questões sobre albumina no edema nefrótico, lembre-se:

| Situação | Conduta |
|----------|---------|
| Edema leve/moderado | Diuréticos (furosemida) |
| Edema refratário + **hipovolemia** | Considerar albumina + diurético |
| Edema + **hipervolemia** | ⚠️ Cautela extrema ou evitar albumina |

A **volemia do paciente** é o principal determinante da segurança da infusão de albumina — sempre avalie antes de prescrever!"
"1","4","📋 QUESTÃO 4 — INTUSSUSCEPÇÃO INTESTINAL NA INFÂNCIA

🏥 Banca: Prova sem nome | Ano: não informado | Especialidade: Cirurgia Pediátrica / Pediatria

━━━━━━━━━━━━━━━━━━━━━━━━━━━━━━━━━━━━━━
🎯 GABARITO: Alternativa D
✅ ATUALIZADA
━━━━━━━━━━━━━━━━━━━━━━━━━━━━━━━━━━━━━━

📝 COMENTÁRIO GERAL

A **intussuscepção intestinal** é a causa mais comum de obstrução intestinal em lactentes e crianças pequenas, com pico de incidência entre **6 e 36 meses de idade**. Ocorre quando um segmento proximal do intestino (intussuscepto) invagina para dentro do segmento distal (intussuscipiente), arrastando consigo o mesentério e comprometendo progressivamente a vascularização.

**Aspectos fundamentais cobrados na questão:**

| Aspecto | Informação-chave |
|---------|------------------|
| **Localização mais comum** | Ileocólica (íleo terminal invagina para o ceco/cólon ascendente) — cerca de 80-90% dos casos |
| **Etiologia** | Idiopática na maioria (hiperplasia linfoide pós-viral); causas secundárias (divertículo de Meckel, pólipos, linfoma) são mais comuns em > 2-3 anos |
| **Clínica clássica** | Tríade: dor abdominal em cólica + vômitos + fezes em ""geleia de framboesa"" (presente em apenas 20-40%) |
| **Diagnóstico** | Ultrassonografia abdominal (padrão-ouro) |
| **Tratamento** | Redução por enema (ar ou contraste hidrossolúvel) se sem peritonite; cirurgia se falha ou complicação |

A questão aborda três afirmativas clássicas sobre o tema, todas verdadeiras.

---

🔍 ANÁLISE DAS ALTERNATIVAS

✅ **Alternativa D — CORRETA**
> ""As afirmativas I, II e III estão corretas.""

Análise de cada afirmativa:

**I - ""A forma mais comum é a íleocólica""** ✓ CORRETA
- A intussuscepção **ileocólica** representa **80-90% dos casos** em crianças.
- O íleo terminal (com suas placas de Peyer hipertrofiadas) funciona como ""ponto de arrasto"" e invagina através da válvula ileocecal.
- Outras formas (ileoileal, colocólica) são menos frequentes e mais associadas a causas secundárias.

**II - ""O ultrassom é o padrão ouro para diagnóstico""** ✓ CORRETA
- A **ultrassonografia abdominal** é o exame de escolha, com sensibilidade e especificidade **> 95-98%**.
- Achados característicos:
  - **Corte transversal:** sinal do ""alvo"" ou ""donut"" (anéis concêntricos)
  - **Corte longitudinal:** sinal do ""pseudo-rim"" ou ""sanduíche""
- Vantagens: não invasivo, sem radiação, amplamente disponível, pode avaliar viabilidade intestinal.

**III - ""O ápice da intussuscepção pode se exteriorizar pelo ânus, em casos negligenciados""** ✓ CORRETA
- Em casos **avançados e não tratados**, a progressão da invaginação pode ser tão extensa que o ápice do intussuscepto **prolapsa através do ânus**.
- Este é um achado de **apresentação tardia/negligenciada**, indicando obstrução prolongada.
- Diagnóstico diferencial importante: prolapso retal (na intussuscepção exteriorizada, há um sulco entre a massa e a parede anal; no prolapso retal verdadeiro, a mucosa é contínua).

---

❌ **Alternativa A — INCORRETA**
> ""As afirmativas I e II estão corretas, a III está incorreta.""

A afirmativa III está **correta**. A exteriorização anal do ápice da intussuscepção, embora rara em países com acesso adequado à saúde, é um fenômeno bem documentado em casos negligenciados.

---

❌ **Alternativa B — INCORRETA**
> ""As afirmativas I e III estão corretas, a II está incorreta.""

A afirmativa II está **correta**. O ultrassom é consensualmente o padrão-ouro diagnóstico para intussuscepção pediátrica, tendo substituído o enema baritado diagnóstico.

---

❌ **Alternativa C — INCORRETA**
> ""As afirmativas II e III estão corretas, a I está incorreta.""

A afirmativa I está **correta**. A forma ileocólica é indiscutivelmente a mais comum (80-90%), sendo este um dado clássico e frequentemente cobrado.

---

❌ **Alternativa E — INCORRETA**
> ""As afirmativas I, II e III estão incorretas.""

Todas as três afirmativas estão corretas, conforme detalhado acima.

---

💡 DICA DE PROVA

**Tríade clássica da intussuscepção** (presente em apenas 20-40% dos casos):
1. **Dor abdominal em cólica** (choro intermitente, criança encolhe as pernas)
2. **Vômitos**
3. **Fezes em ""geleia de framboesa""** (muco com sangue — sinal tardio)

**Imagem ultrassonográfica para memorizar:**
- **""Alvo/Donut""** = corte transversal
- **""Pseudo-rim""** = corte longitudinal

**Contraindicações à redução por enema:** peritonite, perfuração, choque séptico, pneumoperitônio → indicação cirúrgica direta."
"1","5","📋 QUESTÃO 5 — CETOACIDOSE DIABÉTICA (CAD)

🏥 Banca: Prova sem nome | Ano: não informado | Especialidade: Endocrinologia / Emergência

━━━━━━━━━━━━━━━━━━━━━━━━━━━━━━━━━━━━━━
🎯 GABARITO: Alternativa B
✅ ATUALIZADA
━━━━━━━━━━━━━━━━━━━━━━━━━━━━━━━━━━━━━━

## 📝 COMENTÁRIO GERAL

A cetoacidose diabética (CAD) é uma emergência hiperglicêmica caracterizada pela tríade: **hiperglicemia + cetonemia/cetonúria + acidose metabólica com ânion gap elevado**. Ocorre predominantemente no DM tipo 1, mas pode surgir no DM tipo 2 em situações de estresse intenso.

O manejo da CAD segue uma sequência lógica e prioritária:

| Prioridade | Etapa | Justificativa |
|:----------:|-------|---------------|
| 1ª | **Hidratação vigorosa** | Corrige desidratação e melhora perfusão |
| 2ª | **Avaliação do potássio** | Define segurança para insulinização |
| 3ª | **Insulinoterapia** | Só após K⁺ ≥ 3,3 mEq/L |
| 4ª | **Reposição de K⁺** | Quase sempre necessária |
| 5ª | **Bicarbonato** | Apenas em casos selecionados |

A questão explora um conceito fundamental: **a hipocalemia é a principal causa de morte evitável na CAD**. A insulina promove shift de potássio para o meio intracelular, podendo precipitar arritmias fatais se o K⁺ sérico estiver baixo.

---

## 🔍 ANÁLISE DAS ALTERNATIVAS

### ✅ Alternativa B — CORRETA
> *""A avaliação dos níveis de potássio sempre deve ser feita antes da insulinização.""*

**Absolutamente correta.** Este é um dos pilares do manejo seguro da CAD:

- **Se K⁺ < 3,3 mEq/L** → **NÃO iniciar insulina** até repor potássio
- **Se K⁺ entre 3,3-5,3 mEq/L** → Iniciar insulina + repor K⁺ concomitantemente
- **Se K⁺ > 5,3 mEq/L** → Iniciar insulina e monitorar (K⁺ tende a cair)

A diretriz da ADA e da SBD são enfáticas: **checar potássio é mandatório antes da insulinoterapia**.

---

### ❌ Alternativa A — INCORRETA
> *""O bicarbonato de sódio pode ser utilizado nas CAD graves com pH < 7,0.""*

**Parcialmente correta, mas incompleta — por isso considerada errada.**

A indicação clássica de bicarbonato na CAD é **pH < 6,9** (não 7,0), segundo a ADA. Algumas referências mais antigas citavam pH < 7,0, mas o consenso atual é mais restritivo:

| pH | Conduta quanto ao bicarbonato |
|----|-------------------------------|
| ≥ 6,9 | **Não usar** bicarbonato |
| < 6,9 | Considerar NaHCO₃ (100 mEq em 400 mL de água + 20 mEq KCl, infundir em 2h) |

**Por que evitar bicarbonato?**
- Pode causar hipocalemia paradoxal
- Acidose paradoxal do SNC
- Desvio da curva de dissociação da hemoglobina
- A acidose geralmente corrige com hidratação + insulina

---

### ❌ Alternativa C — INCORRETA
> *""A administração da insulina EV pode ser suspensa imediatamente ao se aplicar a primeira dose SC.""*

**Errada.** A transição de insulina EV para SC exige **sobreposição obrigatória**:

> **Regra prática:** Manter insulina EV por **1-2 horas após** a primeira dose de insulina SC de ação rápida, ou **2-4 horas** se for NPH/análogo de ação longa.

**Motivo:** A meia-vida da insulina regular EV é de apenas **5-7 minutos**. Suspensão abrupta causa rebote hiperglicêmico e pode precipitar nova cetoacidose.

**Critérios para transição:**
- Glicemia < 200-250 mg/dL
- pH > 7,3
- Bicarbonato ≥ 15 mEq/L
- Ânion gap ≤ 12
- Paciente alimentando-se

---

### ❌ Alternativa D — INCORRETA
> *""A gravidade da CAD pode ser classificada em leve, moderada ou grave, sendo baseada na glicemia.""*

**Errada.** A classificação de gravidade da CAD **NÃO se baseia na glicemia**, mas sim em:

| Parâmetro | Leve | Moderada | Grave |
|-----------|------|----------|-------|
| **pH arterial** | 7,25-7,30 | 7,00-7,24 | < 7,00 |
| **Bicarbonato** | 15-18 | 10-14,9 | < 10 |
| **Nível de consciência** | Alerta | Alerta/sonolento | Estupor/coma |

⚠️ **Atenção:** Existe a **CAD euglicêmica** (glicemia < 250 mg/dL), que pode ocorrer em:
- Uso de iSGLT2
- Gestantes
- Jejum prolongado
- Uso recente de insulina

Isso reforça que a glicemia **não é critério de gravidade**.

---

### ❌ Alternativa E — INCORRETA
> *""O edema cerebral, complicação mais temida da CAD, deve ser tratado com furosemida e dexametasona.""*

**Errada.** O edema cerebral é de fato a complicação mais temida (especialmente em crianças), mas o tratamento é:

| Tratamento | Indicação |
|------------|-----------|
| **Manitol** | 0,5-1 g/kg EV — primeira escolha |
| **Salina hipertônica (3%)** | Alternativa ao manitol (5 mL/kg em 30 min) |
| **Elevar cabeceira** | 30° |
| **Reduzir velocidade de hidratação** | Diminuir oferta hídrica |

❌ **Furosemida:** Não é indicada — pode agravar distúrbios eletrolíticos
❌ **Dexametasona:** Não tem papel no edema cerebral da CAD (diferente do edema vasogênico tumoral)

**Fatores de risco para edema cerebral:**
- Idade < 5 anos
- CAD inaugural
- Hidratação muito rápida
- Queda abrupta da glicemia (> 100 mg/dL/hora)
- Uso de bicarbonato

---

## 💡 DICA DE PROVA

> **""Antes de dar insulina,"
"1","6","📋 QUESTÃO 6 — INVESTIGAÇÃO DE BAIXA ESTATURA NA INFÂNCIA

🏥 Banca: Prova sem nome | Ano: não informado | Especialidade: Pediatria / Endocrinologia Pediátrica

━━━━━━━━━━━━━━━━━━━━━━━━━━━━━━━━━━━━━━
🎯 GABARITO: Alternativa E
✅ ATUALIZADA
━━━━━━━━━━━━━━━━━━━━━━━━━━━━━━━━━━━━━━

## 📝 COMENTÁRIO GERAL

Esta questão aborda um tema clássico e frequente em provas de residência: a **investigação racional da baixa estatura infantil**. O enunciado já fornece uma informação correta importante — a **velocidade de crescimento (VC) baixa** é, de fato, o principal indicador de baixa estatura patológica.

Contudo, as duas afirmativas apresentadas contêm **erros conceituais importantes** que todo candidato deve conhecer:

### 🔬 Conceitos Fundamentais:

**1. Investigação inicial da baixa estatura com VC baixa:**
O primeiro passo **NÃO é dosar GH diretamente**. A investigação deve seguir uma abordagem hierárquica:

| Ordem | Exame | Objetivo |
|-------|-------|----------|
| 1º | **Idade óssea (Rx de mão e punho)** | Avaliar maturação esquelética |
| 2º | Hemograma, função renal, hepática, eletrólitos | Excluir doenças sistêmicas |
| 3º | TSH e T4 livre | Excluir hipotireoidismo |
| 4º | Anticorpos para doença celíaca | Causa frequente e tratável |
| 5º | **IGF-1 e IGFBP-3** | Triagem do eixo GH (se suspeita) |
| 6º | Testes de estímulo para GH | Apenas se IGF-1 baixo |

> ⚠️ **A dosagem basal de GH é INÚTIL** — o GH é secretado de forma pulsátil, com valores indetectáveis na maior parte do dia. Por isso, são necessários **testes de estímulo** (clonidina, insulina, arginina) para avaliar deficiência.

**2. Principal causa endocrinológica de baixa estatura:**
A **deficiência de GH é RARA** (1:4.000 a 1:10.000 nascidos vivos). A principal causa **endocrinológica** de baixa estatura é o **HIPOTIREOIDISMO**, que é muito mais prevalente e deve ser excluído antes de investigar o eixo somatotrófico.

### 📊 Causas mais comuns de baixa estatura:

```
CAUSAS NÃO-PATOLÓGICAS (maioria dos casos):
├── Baixa estatura familiar (constitucional)
└── Retardo constitucional do crescimento e puberdade (RCCP)

CAUSAS PATOLÓGICAS:
├── Doenças crônicas (desnutrição, DII, cardiopatias, nefropatias)
├── Síndromes genéticas (Turner, Noonan, Prader-Willi)
├── Displasias esqueléticas
└── ENDÓCRINAS:
    ├── Hipotireoidismo ← MAIS COMUM
    ├── Síndrome de Cushing
    ├── Deficiência de GH ← RARA
    └── Pseudo-hipoparatireoidismo
```

---

## 🔍 ANÁLISE DAS ALTERNATIVAS

### ✅ Alternativa E — CORRETA
**""Ambas estão incorretas""**

Esta é a resposta correta porque:
- **Afirmativa I está INCORRETA:** O principal exame inicial não é a dosagem de GH, mas sim a **idade óssea** e exames para excluir causas mais comuns (TSH, hemograma, função renal/hepática, anticorpos celíacos). Além disso, mesmo quando se investiga o eixo GH, dosa-se **IGF-1** (e não GH basal).
- **Afirmativa II está INCORRETA:** A principal causa endocrinológica de baixa estatura é o **hipotireoidismo**, não a deficiência de GH.

---

### ❌ Alternativa A — INCORRETA
**""Ambas afirmativas estão corretas e a II é uma justificativa correta da I""**

Incorreta em dois níveis: ambas as afirmativas são falsas, portanto não há relação de justificativa válida entre elas.

---

### ❌ Alternativa B — INCORRETA
**""Ambas afirmativas estão corretas e a II não é uma justificativa correta da I""**

Também incorreta, pois parte da premissa falsa de que ambas as afirmativas seriam verdadeiras.

---

### ❌ Alternativa C — INCORRETA
**""A afirmativa I está correta e a II incorreta""**

A afirmativa I também está incorreta. O exame inicial não é dosagem de GH.

---

### ❌ Alternativa D — INCORRETA
**""A afirmativa II está incorreta e a I correta""**

Mesma justificativa da alternativa C — ambas estão incorretas, não apenas a II.

---

## 💡 DICA DE PROVA

> 📌 **""Baixa estatura + VC baixa = IDADE ÓSSEA primeiro!""**
> 
> Lembre-se da sequência: **IO → TSH → Celíaca → IGF-1 → Teste de estímulo**
> 
> A dosagem de **GH basal é armadilha clássica** — sempre errada como resposta para investigação inicial, pois a secreção é pulsátil.

> 📌 **Hipotireoidismo > Deficiência de GH** em frequência como causa endócrina de baixa estatura. O hipotireoidismo é tratável e deve ser excluído precocemente."
"1","7","📋 QUESTÃO 7 — ESCLEROSE TUBEROSA (COMPLEXO DA ESCLEROSE TUBEROSA)

🏥 Banca: Prova sem nome | Ano: não informado | Especialidade: Pediatria / Neurologia / Genética Médica

━━━━━━━━━━━━━━━━━━━━━━━━━━━━━━━━━━━━━━
🎯 GABARITO: Alternativa C
✅ ATUALIZADA
━━━━━━━━━━━━━━━━━━━━━━━━━━━━━━━━━━━━━━

## 📝 COMENTÁRIO GERAL

Esta questão apresenta um caso clássico de **Complexo da Esclerose Tuberosa (CET)**, uma síndrome neurocutânea (facomatose) de herança **autossômica dominante**, causada por mutações nos genes **TSC1** (cromossomo 9 – codifica hamartina) ou **TSC2** (cromossomo 16 – codifica tuberina).

O caso traz a **tríade clássica** que deve acender o alerta diagnóstico:

| Achado do Caso | Correlação com CET |
|----------------|-------------------|
| Espasmos de membros | **Espasmos infantis** (Síndrome de West) — presente em até 30% dos pacientes |
| Rabdomioma cardíaco ao nascimento | **Tumor cardíaco mais associado ao CET** — presente em 50-70% dos lactentes com a doença |
| Lesões hipocrômicas em formato de folha | **Máculas hipocrômicas ""em folha de freixo""** — sinal cutâneo mais precoce |
| Perda de habilidades | **Regressão neurológica** — comum na evolução |

### Critérios Diagnósticos (Consenso Internacional 2012, atualizado em 2021)

O diagnóstico é **DEFINITIVO** com:
- 2 critérios maiores, OU
- 1 critério maior + 2 menores

**Critérios Maiores:**
- Máculas hipomelanóticas (≥3, com ≥5mm)
- Angiofibromas faciais (≥3) ou placa fibrosa cefálica
- Fibromas ungueais (≥2)
- Placa de Shagreen (nevo de tecido conjuntivo)
- Hamartomas retinianos múltiplos
- Displasias corticais (túberes, linhas de migração radial)
- Nódulos subependimários
- Astrocitoma subependimário de células gigantes (SEGA)
- **Rabdomioma cardíaco**
- Linfangioleiomiomatose (LAM)
- Angiomiolipomas renais (≥2)

> ⚡ **Este paciente já preenche critérios definitivos**: rabdomioma cardíaco (1 maior) + máculas hipocrômicas (1 maior) = 2 critérios maiores.

---

## 🔍 ANÁLISE DAS ALTERNATIVAS

### ✅ Alternativa C — CORRETA
**Esclerose tuberosa** é o diagnóstico correto. A combinação de:
- **Rabdomioma cardíaco** (tumor cardíaco benigno mais comum na infância, patognomônico quando múltiplo)
- **Máculas hipocrômicas em folha de freixo** (ash-leaf spots)
- **Espasmos epilépticos** (frequentemente Síndrome de West com hipsarritmia)
- **Regressão do desenvolvimento**

...configura apresentação típica do CET. O rabdomioma cardíaco é tão associado que sua detecção pré-natal ou neonatal deve **obrigatoriamente** desencadear investigação para esclerose tuberosa.

---

### ❌ Alternativa A — INCORRETA
**Neurofibromatose (NF)** é outra facomatose, mas com manifestações distintas:

| Característica | NF tipo 1 | Esclerose Tuberosa |
|---------------|-----------|-------------------|
| Lesão cutânea típica | Manchas **café com leite** (hipercrômicas) | Manchas **hipocrômicas** |
| Tumor cardíaco | Não característico | Rabdomioma |
| Achados patognomônicos | Neurofibromas, nódulos de Lisch, glioma óptico | Túberes corticais, angiofibromas faciais |
| Efélides | Axilares/inguinais (sinal de Crowe) | Ausentes |

A NF1 **não cursa com manchas hipocrômicas nem rabdomioma cardíaco**.

---

### ❌ Alternativa B — INCORRETA
**Nevo hipocrômico** (ou nevo acrômico) é uma lesão cutânea **isolada e benigna**, presente desde o nascimento, que:
- É **única** (não múltipla)
- **Não está associada** a manifestações sistêmicas
- Não causa epilepsia, tumores cardíacos ou regressão neurológica

O nevo hipocrômico entra no **diagnóstico diferencial das máculas hipocrômicas**, mas a presença de achados sistêmicos exclui essa hipótese.

---

### ❌ Alternativa D — INCORRETA
**Hanseníase sistêmica** é uma doença infecciosa causada pelo *Mycobacterium leprae* que:
- É **extremamente rara em crianças de 2 anos** (período de incubação longo)
- Apresenta manchas hipocrômicas, porém com **alteração de sensibilidade** (hipoestesia/anestesia)
- **Não causa** rabdomioma cardíaco, espasmos infantis ou regressão neurológica
- Não existe a forma ""sistêmica"" como entidade — a hanseníase é classificada pelo espectro Ridley-Jopling (tuberculoide a virchowiana)

A alternativa parece ter sido incluída como distrator pela presença de lesões hipocrômicas.

---

### ❌ Alternativa E — INCORRETA
**Síndrome de Lennox-Gastaut (SLG)** é uma encefalopatia epiléptica grave caracterizada por:
- Múltiplos tipos de crises (tônicas, atônicas, ausências atípicas)
- EEG com padrão de **ponta-onda lenta difusa (<2,5 Hz)**
- Déficit cognitivo

**Por que não é o diagnóstico principal aqui?**
- A SLG é uma **síndrome epiléptica**, não uma doença de base
- Não explica o rabdomioma cardíaco nem as lesões cutâneas
- Pacientes com esclerose tuberosa **podem evoluir para SLG**, mas esta seria uma complicação/manifestação, não o diagnóstico etiológico
- A questão pede o **diagnóstico mais provável** (a doença de base), não a síndrome epiléptica

> 📌 A sequência típica na CET é: Espasmos infantis (West) na lactância → evolução para Lennox-Gastaut na infância.

---

## 💡 DICA DE PROVA

**Mnemônico para Esclerose Tuberosa — ""ESCLEROSE"":**
- **E**pilepsía (espasmos infantis/West)
- **S**hagreen (placa de couro)
- **C**érebro (túberes corticais, nódulos sub"
"1","8","📋 QUESTÃO 8 — COMUNICAÇÃO INTERATRIAL (CIA) E AUSCULTA CARDÍACA

🏥 Banca: Prova sem nome | Ano: não informado | Especialidade: Cardiologia / Cardiopatias Congênitas

━━━━━━━━━━━━━━━━━━━━━━━━━━━━━━━━━━━━━━
🎯 GABARITO: Alternativa C
✅ ATUALIZADA
━━━━━━━━━━━━━━━━━━━━━━━━━━━━━━━━━━━━━━

## 📝 COMENTÁRIO GERAL

A **comunicação interatrial (CIA)** é uma das cardiopatias congênitas acianóticas mais frequentes, representando cerca de 10-15% de todas as cardiopatias congênitas. O tipo mais comum é a **CIA tipo ostium secundum** (75% dos casos), localizada na região da fossa oval.

### Fisiopatologia do achado auscultatório clássico:

A CIA produz um **shunt esquerda-direita** (AE → AD), pois as pressões no átrio esquerdo são discretamente maiores que no átrio direito. Esse shunt causa:

1. **Sobrecarga de volume das câmaras direitas** (AD e VD)
2. **Hiperfluxo pulmonar**

O achado auscultatório patognomônico é o **DESDOBRAMENTO AMPLO E FIXO DE B2**, que ocorre porque:

| Componente | Mecanismo |
|------------|-----------|
| **Amplo** | O VD recebe volume extra (shunt E→D), demorando mais para esvaziar → atraso no fechamento da valva pulmonar (P2) |
| **Fixo** | Normalmente, na inspiração, o retorno venoso ao VD aumenta e o desdobramento de B2 se acentua. Na CIA, o shunt ""equaliza"" as variações de volume entre os átrios, abolindo a variação respiratória normal |

> ⚠️ **Atenção:** A questão afirma que ""CIA é a cardiopatia congênita **mais comum**"". Isso é **tecnicamente impreciso** — a **valva aórtica bicúspide** é a mais prevalente (1-2% da população), seguida pela **CIV**. A CIA é a cardiopatia congênita **mais comum diagnosticada na vida adulta**, pois frequentemente passa despercebida na infância.

---

## 🔍 ANÁLISE DAS ALTERNATIVAS

### ✅ Alternativa C — CORRETA
**""Desdobramento amplo e fixo da segunda bulha""**

Este é o achado **clássico e característico** da CIA. O desdobramento é:
- **Amplo:** intervalo aumentado entre A2 e P2 (atraso de P2 por sobrecarga volumétrica do VD)
- **Fixo:** não varia com a respiração (o shunt interatrial ""tampona"" as variações de enchimento)

É um achado tão característico que sua presença em paciente jovem assintomático deve levantar forte suspeita de CIA.

---

### ❌ Alternativa A — INCORRETA
**""Segunda bulha única e alta""**

B2 única e hiperfonética sugere **hipertensão pulmonar grave** com componente pulmonar (P2) muito intenso, podendo haver fusão dos componentes. Isso pode ocorrer em fases muito avançadas de CIA com **síndrome de Eisenmenger** (inversão do shunt por hipertensão pulmonar irreversível), mas **não é o achado característico** da CIA típica.

---

### ❌ Alternativa B — INCORRETA
**""Sopro sistólico de regurgitação""**

Sopros de regurgitação (holossistólicos, em platô) são típicos de:
- **Insuficiência mitral**
- **Insuficiência tricúspide**
- **CIV (comunicação interventricular)**

Na CIA, o shunt ocorre entre os átrios em baixa pressão e **não gera sopro audível diretamente**. O sopro que pode existir na CIA é de **ejeção pulmonar** (pelo hiperfluxo), não de regurgitação.

---

### ❌ Alternativa D — INCORRETA
**""Sopro sistólico de ejeção em borda esternal esquerda""**

Esta alternativa descreve um achado que **realmente pode estar presente na CIA** — é o sopro de **hiperfluxo pela valva pulmonar** (mesossistólico, em crescendo-decrescendo, no foco pulmonar).

**Por que não é a resposta correta?**
- Embora presente, este sopro é **inespecífico** (ocorre em qualquer situação de hiperfluxo pulmonar)
- O **desdobramento fixo de B2** é o achado **mais característico e específico** da CIA
- A questão pede o achado **característico**, não apenas um achado possível

---

### ❌ Alternativa E — INCORRETA
**""Estalido protossistólico com segunda bulha hipofonética""**

- **Estalido protossistólico (click de ejeção):** típico de **estenose valvar** (aórtica ou pulmonar) com valva ainda móvel, ou prolapso de valva mitral
- **B2 hipofonética:** sugere calcificação/imobilidade das semilunares (estenose aórtica calcificada) ou baixo débito

Esses achados **não fazem parte** do quadro auscultatório da CIA. Na verdade, na CIA o componente P2 tende a ser **normo ou hiperfonético** (pelo hiperfluxo pulmonar).

---

## 💡 DICA DE PROVA

> **""CIA = B2 com desdobramento AMPLO e FIXO""**
> 
> Grave a associação: o ""F"" de **F**ixo lembra o ""F"" de **F**ossa oval (local da CIA ostium secundum, a mais comum).

**Comparativo rápido de desdobramentos de B2:**

| Padrão | Condição |
|--------|----------|
| Desdobramento fisiológico (varia com respiração) | Normal |
| Desdobramento amplo e **fixo** | **CIA** |
| Desdobramento paradoxal (aumenta na expiração) | BRE, estenose aórtica grave |
| B2 única | HAS, estenose aórtica calcificada, Eisenmenger |"
"1","9","📋 QUESTÃO 9 — APENDICITE AGUDA NA CRIANÇA

🏥 Banca: Prova sem nome | Ano: não informado | Especialidade: Cirurgia Pediátrica / Pediatria

━━━━━━━━━━━━━━━━━━━━━━━━━━━━━━━━━━━━━━
🎯 GABARITO: Alternativa D
✅ ATUALIZADA
━━━━━━━━━━━━━━━━━━━━━━━━━━━━━━━━━━━━━━

📝 COMENTÁRIO GERAL

A apendicite aguda é a emergência cirúrgica abdominal mais comum na infância, porém seu diagnóstico em crianças é notoriamente desafiador. **Menos de 50% dos casos pediátricos apresentam o quadro clássico** (dor periumbilical migrando para FID + anorexia + febre + vômitos), especialmente em menores de 5 anos, onde a taxa de perfuração ao diagnóstico pode ultrapassar 80%.

A questão aborda três conceitos fundamentais na avaliação da criança com suspeita de apendicite:

1. **Valor da dor localizada** como achado semiológico
2. **Segurança do uso de analgesia opioide** durante a investigação
3. **Variações anatômicas** que modificam a apresentação clínica

Todos os três conceitos estão corretos e bem estabelecidos na literatura cirúrgica pediátrica.

---

🔍 ANÁLISE DAS ALTERNATIVAS

✅ **Alternativa D — CORRETA**
**As três afirmativas estão corretas.**

---

**Análise das afirmativas:**

**✅ Afirmativa I — CORRETA**
*""A dor abdominal localizada é o achado diagnóstico mais confiável no diagnóstico de apendicite aguda.""*

A **dor localizada em fossa ilíaca direita** (ponto de McBurney) é, de fato, o achado clínico com maior valor preditivo positivo para apendicite em crianças. Estudos demonstram que:
- Sensibilidade da dor em FID: ~80%
- Especificidade: ~75-85%

Outros sinais clássicos (Blumberg, Rovsing, psoas) têm menor reprodutibilidade em crianças, especialmente nas mais jovens, que têm dificuldade em localizar e descrever a dor. A **migração da dor** (periumbilical → FID) também é altamente sugestiva, mas ocorre em menos da metade dos casos pediátricos.

---

**✅ Afirmativa II — CORRETA**
*""O uso criterioso da analgesia com morfina para aliviar a dor abdominal não altera a precisão diagnóstica.""*

Este é um conceito que **mudou radicalmente nas últimas décadas**. O dogma antigo de ""não analgesia antes do diagnóstico cirúrgico"" foi abandonado com base em evidências robustas:

- **Múltiplos ensaios clínicos randomizados** demonstraram que a analgesia opioide:
  - Não mascara sinais de peritonite
  - Não aumenta taxa de diagnósticos perdidos
  - Não atrasa a indicação cirúrgica
  - **Melhora a cooperação da criança** no exame físico

A American Academy of Pediatrics e a American College of Emergency Physicians recomendam **analgesia precoce** em crianças com dor abdominal aguda. O termo ""criterioso"" na afirmativa reforça o uso racional, não indiscriminado.

---

**✅ Afirmativa III — CORRETA**
*""Nos casos de apêndice localizado inteiramente na pelve a dor pode ser mínima no exame abdominal.""*

A posição anatômica do apêndice varia significativamente:
- **Retrocecal** (~65%): pode ter dor lombar, sinal do psoas positivo
- **Pélvica** (~30%): dor suprapúbica, sintomas urinários, dor ao toque retal
- **Subcecal, pré-ileal, pós-ileal**: apresentações atípicas

Quando o apêndice está **inteiramente na pelve**, o processo inflamatório fica ""contido"" na cavidade pélvica, **longe da parede abdominal anterior**. Isso resulta em:
- Dor abdominal mínima ou ausente à palpação
- Possível dor à flexão/rotação interna do quadril (sinal do obturador)
- Sintomas urinários (disúria, polaciúria) por irritação vesical
- Diarreia por irritação retal

Essa apresentação atípica é uma das principais causas de **diagnóstico tardio e perfuração**.

---

❌ **Alternativa A — INCORRETA**
Afirma que a III está incorreta, mas a variação anatômica pélvica do apêndice é bem documentada como causa de apresentação atípica.

❌ **Alternativa B — INCORRETA**
Afirma que a II está incorreta. Esse é o ""erro clássico"" baseado no dogma ultrapassado de não analgesia. A evidência atual é clara: analgesia não prejudica o diagnóstico.

❌ **Alternativa C — INCORRETA**
Afirma que a I está incorreta. A dor localizada em FID permanece como o achado semiológico mais confiável, mesmo que não esteja presente em todos os casos.

❌ **Alternativa E — INCORRETA**
Afirma que todas estão incorretas, o que contradiz a literatura estabelecida em todos os três pontos.

---

💡 DICA DE PROVA

> **""Analgesia NÃO mascara abdome agudo""** — esse conceito é cobrado repetidamente em provas. A banca quer saber se você conhece a mudança de paradigma: **tratar a dor é ético, seguro e melhora a avaliação**.

> **Posições atípicas do apêndice = apresentações atípicas:**
> - **Retrocecal** → dor lombar, psoas +
> - **Pélvico** → dor mínima, sintomas urinários, obturador +
> - **Subhepático** (raro) → simula colecistite"
"1","10","📋 QUESTÃO 10 — BRONQUIOLITE VIRAL AGUDA

🏥 Banca: Prova sem nome | Ano: não informado | Especialidade: Pediatria / Pneumologia Pediátrica

━━━━━━━━━━━━━━━━━━━━━━━━━━━━━━━━━━━━━━
🎯 GABARITO: Alternativa E
✅ ATUALIZADA
━━━━━━━━━━━━━━━━━━━━━━━━━━━━━━━━━━━━━━

## 📝 COMENTÁRIO GERAL

A **bronquiolite viral aguda (BVA)** é a infecção de vias aéreas inferiores mais comum no primeiro ano de vida, com pico de incidência entre 2-6 meses. O **vírus sincicial respiratório (VSR)** é responsável por 50-80% dos casos, seguido por rinovírus, metapneumovírus, parainfluenza e adenovírus.

**Fisiopatologia:** O enunciado descreve corretamente o mecanismo — inflamação, edema, necrose do epitélio bronquiolar e impactação de muco, resultando em obstrução das pequenas vias aéreas com padrão obstrutivo (hiperinsuflação, sibilância, taquipneia).

**Diagnóstico:** É **essencialmente CLÍNICO** — lactente com pródromos catarrais (coriza, tosse) evoluindo com taquipneia, tiragem, sibilos e/ou crepitações. Exames complementares têm papel limitado e não são rotineiramente indicados.

**Tratamento:** Fundamentalmente de **SUPORTE** — oxigenoterapia se SpO₂ < 90-92%, hidratação adequada e monitorização. A maioria das intervenções farmacológicas (broncodilatadores, corticoides, antibióticos) **não tem benefício comprovado** de rotina.

---

## 🔍 ANÁLISE DAS ALTERNATIVAS

### ✅ Alternativa E — CORRETA
*""A administração de oxigênio por cânula nasal de alto fluxo parece estar associada à menor possibilidade de necessitar de suporte ventilatório invasivo.""*

A **oxigenoterapia por cânula nasal de alto fluxo (CNAF)** representa um avanço significativo no manejo da BVA moderada a grave. Seus mecanismos de ação incluem:

- **Oferta de FiO₂ elevada e umidificada**
- **Geração de pressão positiva nas vias aéreas** (efeito CPAP-like)
- **Lavagem do espaço morto nasofaríngeo** (melhora da ventilação alveolar)
- **Redução do trabalho respiratório**

Estudos como o **PARIS trial (Lancet, 2017)** e metanálises subsequentes demonstraram que a CNAF reduz a necessidade de escalonamento para ventilação invasiva e diminui tempo de internação em UTI. As diretrizes da **AAP (2014, reafirmada em 2023)** e da **SBP** reconhecem a CNAF como opção terapêutica eficaz.

---

### ❌ Alternativa A — INCORRETA
*""A infecção pelo vírus sincicial respiratório confere imunidade duradoura.""*

**FALSO.** A infecção pelo VSR **NÃO confere imunidade duradoura**. Características importantes:

- Reinfecções são **frequentes** ao longo da vida
- A resposta imune é **incompleta e transitória**
- Anticorpos maternos oferecem proteção parcial apenas nos primeiros 2-3 meses
- Mesmo adultos podem ser reinfectados (geralmente quadros mais leves)

Esta é justamente a razão pela qual o desenvolvimento de vacinas eficazes contra o VSR foi historicamente desafiador (embora vacinas tenham sido recentemente aprovadas para gestantes e idosos).

---

### ❌ Alternativa B — INCORRETA
*""A presença de febre elevada é um achado comum na fase pulmonar da doença.""*

**FALSO.** Na BVA típica:

- A febre, quando presente, é geralmente **baixa a moderada** (< 39°C)
- Febre **elevada e persistente** deve levantar suspeita de:
  - **Coinfecção bacteriana** (otite média aguda, pneumonia)
  - **Diagnóstico alternativo** (pneumonia bacteriana primária)
  
A fase pulmonar da BVA é caracterizada predominantemente por **sinais de desconforto respiratório** (taquipneia, tiragem, sibilância), não por febre alta.

---

### ❌ Alternativa C — INCORRETA
*""É fundamental a realização de imagem radiográfica e de exames laboratoriais para o correto diagnóstico.""*

**FALSO.** O diagnóstico de BVA é **CLÍNICO**. Exames complementares:

| Exame | Indicação |
|-------|-----------|
| **Radiografia de tórax** | NÃO rotineira. Indicada se: dúvida diagnóstica, suspeita de complicação, doença grave, evolução atípica |
| **Hemograma/PCR** | NÃO rotineiros. Não diferenciam etiologia viral de bacteriana de forma confiável |
| **Painel viral** | Pode ter utilidade epidemiológica ou para isolamento, mas não muda conduta na maioria dos casos |

A solicitação rotineira de exames pode levar a **intervenções desnecessárias** (ex: antibioticoterapia por achados inespecíficos na radiografia, como atelectasias ou infiltrados).

---

### ❌ Alternativa D — INCORRETA
*""As técnicas de fisioterapia respiratória possuem elevada efetividade no manuseio dos pacientes portadores da doença.""*

**FALSO.** Esta é uma das ""pegadinhas clássicas"" sobre BVA. Revisões sistemáticas da **Cochrane** demonstraram que:

- **Fisioterapia respiratória convencional** (vibração, percussão, drenagem postural) **NÃO reduz** tempo de internação, necessidade de O₂ ou gravidade da doença
- **Não há benefício clínico** comprovado para uso rotineiro
- Pode inclusive causar **desconforto e agitação** no lactente

⚠️ **Exceção:** Algumas técnicas específicas (como expiração lenta prolongada) podem ter papel em casos selecionados com atelectasia importante, mas isso não representa ""elevada efetividade"" no manejo geral.

---

## 💡 DICA DE PROVA

**""Na BVA, o tratamento é SUPORTE — o resto é LENDA""**

Memorize o que **NÃO funciona** de rotina na BVA:
- ❌ Broncodilatadores (beta-2 agonistas)
- ❌ Corticoides (sistêmicos ou inalatórios)
- ❌ Antibióticos (sem infecção bacteriana documentada)
- ❌ Fisioterapia respiratória
- ❌ Solução salina hipertônica (benefício controverso/marginal)

**Funciona:**
- ✅ Oxigênio (se SpO₂ < 90-92%)
- ✅ Hidratação adequada
- ✅ Cânula nasal de alto"
"1","11","📋 QUESTÃO 11 — ATENDIMENTO INICIAL AO GRANDE QUEIMADO COM LESÃO INALATÓRIA

🏥 Banca: Prova sem nome | Ano: não informado | Especialidade: Cirurgia do Trauma / Emergência

━━━━━━━━━━━━━━━━━━━━━━━━━━━━━━━━━━━━━━
🎯 GABARITO: Alternativa A
✅ ATUALIZADA
━━━━━━━━━━━━━━━━━━━━━━━━━━━━━━━━━━━━━━

## 📝 COMENTÁRIO GERAL

Esta questão aborda o **atendimento inicial ao grande queimado**, exigindo que o candidato reconheça a **prioridade da via aérea** em um paciente com sinais claros de **lesão inalatória iminente**.

### 🔥 Pontos-chave do caso:
| Dado clínico | Significado |
|--------------|-------------|
| Queimadura por explosão de gasolina | Mecanismo de alta energia + combustão em ambiente fechado provável |
| Queimadura em **face** | Altíssimo risco de lesão de via aérea |
| **Estridor** | Obstrução de via aérea superior JÁ em curso |
| **Dificuldade respiratória + SatO₂ 90%** | Comprometimento ventilatório ativo |
| **Agitação** | Pode indicar hipóxia |
| SCQ = 44% | Grande queimado (necessita ressuscitação volêmica) |

### ⚠️ O conceito fundamental:
A **lesão inalatória** é a principal causa de morte nas primeiras 24 horas em vítimas de queimaduras. O edema de via aérea é **progressivo** — um paciente que agora apresenta estridor pode evoluir para obstrução completa em minutos a horas.

> **Regra de ouro:** Na presença de sinais de lesão inalatória (estridor, rouquidão, escarro carbonáceo, queimadura de face/vibrissas, história de ambiente fechado), a **intubação orotraqueal PRECOCE** é mandatória, **antes** que o edema impossibilite o procedimento.

A sequência **ABCDE do trauma** se aplica integralmente ao queimado:
- **A (Airway)** → Sempre vem primeiro
- Somente após garantir via aérea definitiva, prossegue-se com ressuscitação volêmica

---

## 🔍 ANÁLISE DAS ALTERNATIVAS

### ✅ Alternativa A — CORRETA
> *""Proceder à intubação e iniciar a ressuscitação pela fórmula de Parkland.""*

**Perfeita sequência de prioridades:**

1. **Intubação orotraqueal** → O paciente apresenta a tríade clássica de indicação:
   - Queimadura de face
   - Estridor (obstrução parcial já instalada)
   - Dessaturação + dificuldade respiratória

2. **Fórmula de Parkland** → Após via aérea segura, inicia-se a reposição volêmica:
   ```
   Volume em 24h = 4 mL × peso (kg) × % SCQ
   → 50% nas primeiras 8h (contadas desde a queimadura)
   → 50% nas 16h seguintes
   ```
   - Cristaloide de escolha: **Ringer Lactato**
   - Meta: diurese **0,5-1 mL/kg/h** (adultos) ou **1 mL/kg/h** (crianças)

---

### ❌ Alternativa B — INCORRETA
> *""Realizar uma broncoscopia para identificar e diagnosticar a lesão inalatória.""*

**Erro: Atraso desnecessário em paciente com indicação clínica evidente.**

- A broncoscopia é o **padrão-ouro diagnóstico** para lesão inalatória, porém é um exame **complementar**, não emergencial
- Neste paciente, os **sinais clínicos já são suficientes** para indicar intubação imediata
- Realizar broncoscopia antes de garantir via aérea definitiva é **perda de tempo crítico**
- A broncoscopia pode ser útil **após** a intubação para avaliar extensão da lesão e guiar tratamento

---

### ❌ Alternativa C — INCORRETA
> *""Iniciar a ressuscitação pela fórmula de Parkland e passar uma sonda vesical de demora.""*

**Erro: Ignora a prioridade da via aérea (pula o ""A"" do ABCDE).**

- A sonda vesical de demora **está indicada** em grandes queimados para monitorização do débito urinário
- A ressuscitação volêmica **também está indicada**
- **Porém**, nenhuma dessas medidas deve preceder a **intubação** em paciente com via aérea ameaçada
- Enquanto se perde tempo com SVD e hidratação, o edema de glote pode progredir para obstrução total

---

### ❌ Alternativa D — INCORRETA
> *""Passar uma sonda vesical e mensurar a diurese para decidir qual é a necessidade de ressuscitação.""*

**Erro duplo:**

1. **Novamente ignora a via aérea** — mesma crítica da alternativa C

2. **Conceito errado sobre indicação de ressuscitação:**
   - Com **SCQ ≥ 20% em adultos** (ou ≥10% em crianças/idosos), a ressuscitação volêmica é **obrigatória**
   - Não se espera ""avaliar diurese"" para decidir se vai ou não ressuscitar
   - A diurese serve para **titular** a velocidade de infusão, não para decidir se inicia ou não
   - Este paciente tem **44% de SCQ** — indicação inequívoca de Parkland

---

### ❌ Alternativa E — INCORRETA
> *""Ofertar oxigênio por máscara não reinalante, realizar expansão com SF 0,9% e iniciar antibioticoterapia.""*

**Múltiplos erros:**

| Conduta proposta | Problema |
|------------------|----------|
| Máscara não reinalante | **Insuficiente** — paciente com estridor precisa de via aérea definitiva, não de O₂ suplementar |
| Expansão com SF 0,9% | Ringer Lactato é preferível (menos risco de acidose hiperclorêmica em grandes volumes) |
| Antibioticoterapia | **Não indicada profilaticamente** em queimados — aumenta risco de resistência bacteriana sem benefício comprovado |

- Antibióticos em queimados: apenas se **infecção documentada** (sinais locais ou sistêmicos de sepse)
- A queimadura por si só não é indicação de ATB profilático

---

## 💡 DICA DE PROVA

### Indicações de intubação no queimado (memorize!):
```
🔥 Queimadura de FACE ou PESCOÇO
🔥 Vibrissas nasais CHAMUSCADAS
🔥 ESCARRO CARBONÁCEO
🔥 ESTRIDOR ou ROUQUIDÃO
🔥 Queimadura em AMBIENTE FECHADO
🔥 Rebaixamento de CONSCIÊNCIA
🔥 SCQ >"
"1","12","📋 QUESTÃO 12 — AVC NA INFÂNCIA: ABORDAGEM INICIAL

🏥 Banca: Prova sem nome | Ano: não informado | Especialidade: Neurologia Pediátrica / Emergência Pediátrica

━━━━━━━━━━━━━━━━━━━━━━━━━━━━━━━━━━━━━━
🎯 GABARITO: Alternativa C
✅ ATUALIZADA
━━━━━━━━━━━━━━━━━━━━━━━━━━━━━━━━━━━━━━

## 📝 COMENTÁRIO GERAL

O Acidente Vascular Cerebral (AVC) pediátrico é uma entidade rara, porém devastadora, com incidência estimada de 2-8 casos por 100.000 crianças/ano. A apresentação clínica descrita — **déficit motor súbito, afasia e flutuação do nível de consciência** — é altamente sugestiva de AVC, exigindo reconhecimento e manejo imediatos.

O princípio fundamental na abordagem do AVC, tanto em adultos quanto em crianças, é:

> **""Tempo é cérebro""** — mas antes de qualquer terapia específica, é OBRIGATÓRIO diferenciar AVC isquêmico de hemorrágico.

Esta diferenciação é crítica porque:
- **AVC isquêmico** → pode se beneficiar de antiagregação/anticoagulação/trombólise
- **AVC hemorrágico** → anticoagulantes e antiagregantes são CONTRAINDICADOS (pioram o sangramento)

A **tomografia computadorizada (TC) de crânio sem contraste** é o exame de escolha inicial por ser:
- Rápida (poucos minutos)
- Amplamente disponível
- Altamente sensível para detectar hemorragia aguda (aparece hiperdensa)
- Capaz de excluir outras causas (tumores, abscessos)

---

## 🔍 ANÁLISE DAS ALTERNATIVAS

### ✅ Alternativa C — CORRETA
**""Realizar tomografia computadorizada de crânio para descartar acidente vascular cerebral hemorrágico.""**

Esta é a conduta prioritária após a estabilização clínica inicial (ABC). A TC de crânio sem contraste deve ser realizada **o mais rápido possível** para:

1. **Excluir hemorragia intracraniana** — contraindicação absoluta a terapias antitrombóticas
2. **Identificar sinais precoces de isquemia** — embora a TC possa ser normal nas primeiras horas do AVC isquêmico
3. **Afastar diagnósticos diferenciais** — tumores, hidrocefalia, encefalite

Conforme as diretrizes da **American Heart Association/American Stroke Association (AHA/ASA)** para AVC pediátrico e as recomendações da **Sociedade Brasileira de Pediatria**, a neuroimagem é o primeiro passo diagnóstico obrigatório antes de qualquer intervenção terapêutica específica.

---

### ❌ Alternativa A — INCORRETA
**""Realizar uma dose de heparina de baixo peso molecular.""**

**Erro crítico:** Administrar anticoagulante ANTES de excluir hemorragia intracraniana.

- Se o AVC for hemorrágico (10-20% dos AVCs pediátricos), a heparina **agravará o sangramento**, podendo ser fatal
- A anticoagulação pode ser considerada em casos selecionados de AVC isquêmico pediátrico (ex: dissecção arterial, trombose venosa cerebral, cardiopatias emboligênicas), mas **sempre após confirmação por imagem**
- Mesmo em adultos com AVC isquêmico confirmado, a anticoagulação plena na fase aguda não é rotina

---

### ❌ Alternativa B — INCORRETA
**""Administrar dose de ácido acetilsalicílico de 5mg/kg e encaminhar o paciente para internamento.""**

**Erro:** Antiagregação antes da neuroimagem.

- O AAS é contraindicado no AVC hemorrágico
- Embora o AAS seja utilizado na prevenção secundária do AVC isquêmico pediátrico (dose habitual: 3-5 mg/kg/dia), sua administração **só pode ocorrer após exclusão de hemorragia por TC**
- Além disso, ""encaminhar para internamento"" sem especificar monitorização intensiva é conduta insuficiente para um quadro neurológico agudo grave

---

### ❌ Alternativa D — INCORRETA
**""Solicitar internamento imediato, obter dois acessos periféricos calibrosos e manter o paciente em leito de enfermaria com monitoração.""**

**Erros:**

1. **Omite a neuroimagem** — etapa diagnóstica essencial
2. **Leito de enfermaria** — inadequado para paciente com flutuação do nível de consciência; o correto seria UTI ou unidade de AVC
3. **Dois acessos calibrosos** — medida típica de ressuscitação volêmica (choque, trauma), não é prioridade no AVC

Embora a estabilização e monitorização sejam importantes, a alternativa ignora completamente a necessidade de diagnóstico por imagem.

---

### ❌ Alternativa E — INCORRETA
**""Realizar hidratação venosa com soro fisiológico 20mL/kg, encaminhar o paciente para neurocirurgia e implementar medida de pressão intracraniana.""**

**Erros múltiplos:**

1. **Hidratação 20 mL/kg em bolus** — indicada para choque hipovolêmico, não para AVC. No AVC, a hiper-hidratação pode agravar edema cerebral
2. **Encaminhar direto para neurocirurgia** — precipitado sem diagnóstico. Nem todo AVC (mesmo hemorrágico) requer intervenção cirúrgica
3. **Monitorização de PIC** — medida invasiva reservada para casos específicos (HIC grave, hidrocefalia obstrutiva), não é conduta inicial universal
4. **Novamente omite a TC de crânio** — sem imagem, não há como definir conduta

---

## 💡 DICA DE PROVA

> **""No AVC agudo, NUNCA anticoagule ou antiagregue antes de ver a TC!""**

Esta regra é absoluta e vale para adultos e crianças. A TC de crânio sem contraste é o **gatekeeper** de todas as terapias antitrombóticas.

**Lembre-se da sequência:**
```
Suspeita clínica → Estabilização (ABC) → TC de crânio → Definição do tipo de AVC → Terapia específica
```"
"1","13","📋 QUESTÃO 13 — MARCOS DO DESENVOLVIMENTO NEUROPSICOMOTOR

🏥 Banca: Prova sem nome | Ano: não informado | Especialidade: Pediatria / Puericultura

━━━━━━━━━━━━━━━━━━━━━━━━━━━━━━━━━━━━━━
🎯 GABARITO: Alternativa C
✅ ATUALIZADA
━━━━━━━━━━━━━━━━━━━━━━━━━━━━━━━━━━━━━━

📝 COMENTÁRIO GERAL

O desenvolvimento neuropsicomotor (DNPM) é tema clássico em provas de residência, especialmente na área de Pediatria e Puericultura. A questão aborda os **marcos do desenvolvimento** característicos de cada faixa etária, exigindo conhecimento sobre a evolução dos reflexos primitivos, postura, interação social e comportamento do lactente.

O enunciado descreve um conjunto de características que, analisadas em conjunto, apontam para uma faixa etária específica:

| Característica | Significado |
|----------------|-------------|
| Bebê mais sereno, sem cólicas | Resolução da cólica do lactente (pico: 6 semanas, resolve até 3-4 meses) |
| Sorriso social frequente | Surge ~2 meses, consolida-se aos 3-4 meses |
| Interesse pelo rosto humano | Presente desde o nascimento, mas intensifica-se a partir dos 2-3 meses |
| Fixação do olhar | Melhora progressiva; boa fixação aos 3-4 meses |
| Postura simétrica | Desaparece a assimetria do RTCA (reflexo tônico-cervical assimétrico) |
| Mãos abertas | Reflexo de preensão palmar desaparece (~3-4 meses) |
| Reflexo plantar praticamente ausente | Reflexo de preensão plantar some ~9-12 meses (atenção: não confundir com Babinski) |
| Reflexo de Moro começando a desaparecer | Desaparece entre 3-6 meses |

**Ponto crítico:** A questão apresenta uma **inconsistência técnica**. O reflexo de **preensão plantar** persiste até 9-12 meses de vida, não desaparecendo aos 4-6 meses. Entretanto, considerando o conjunto dos demais achados (especialmente a resolução das cólicas, mãos abertas e início do desaparecimento do Moro), a banca considerou **4 a 6 meses** como resposta.

---

🔍 ANÁLISE DAS ALTERNATIVAS

❌ **Alternativa A (0 a 2 meses) — INCORRETA**

Nesta fase, o lactente apresenta:
- **Cólicas do lactente** em plena atividade (pico às 6 semanas)
- Reflexo de Moro **exuberante**
- Preensão palmar **presente** (mãos frequentemente fechadas)
- Postura ainda com **assimetria** (RTCA presente)
- Sorriso social **ausente ou incipiente** (surge ao final dos 2 meses)
- Fixação visual ainda **imatura**

O bebê nesta fase está longe de ser ""sereno e pacífico"".

---

❌ **Alternativa B (2 a 4 meses) — INCORRETA**

Fase de transição importante:
- Cólicas ainda podem estar presentes (resolvem-se até ~3-4 meses)
- Sorriso social **presente**, mas ainda em consolidação
- Reflexo de Moro **ainda presente** (desaparece a partir dos 3-4 meses)
- Mãos começam a abrir, mas preensão palmar ainda pode estar presente no início
- RTCA desaparecendo

Embora algumas características do enunciado se apliquem, o **conjunto completo** (especialmente ""sem cólicas"" e ""Moro começando a desaparecer"") aponta para fase mais tardia.

---

✅ **Alternativa C (4 a 6 meses) — CORRETA**

Esta é a fase que melhor contempla **todas** as características descritas:

- ✓ **Cólicas resolvidas** — tipicamente cessam até os 3-4 meses
- ✓ **Bebê mais sereno** — período de maior estabilidade comportamental
- ✓ **Sorriso social frequente** — bem estabelecido
- ✓ **Interesse pelo rosto humano** — intenso, com seguimento visual completo
- ✓ **Postura simétrica** — RTCA já desapareceu (~4 meses)
- ✓ **Mãos abertas** — preensão palmar ausente (~3-4 meses)
- ✓ **Reflexo de Moro desaparecendo** — some entre 4-6 meses

> ⚠️ **Ressalva:** O reflexo de preensão plantar normalmente persiste até 9-12 meses. A menção de ""reflexo plantar praticamente ausente"" é tecnicamente imprecisa, mas não invalida a resposta considerando o contexto global.

---

❌ **Alternativa D (6 a 9 meses) — INCORRETA**

Nesta fase:
- Reflexo de Moro já **desapareceu completamente** (não ""começando a desaparecer"")
- Bebê já apresenta **ansiedade de separação** (inicia ~6-8 meses)
- Desenvolvimento motor mais avançado: senta sem apoio, engatinha
- Pode haver estranhamento de pessoas desconhecidas

O enunciado descreve características de fase anterior.

---

❌ **Alternativa E (9 a 12 meses) — INCORRETA**

Fase marcada por:
- **Ansiedade de separação** em pico
- Bebê pode estar mais **irritadiço** com estranhos
- Reflexo de Moro **ausente há meses**
- Marcos motores avançados: fica em pé, primeiros passos
- Preensão plantar desaparecendo nesta fase

Não corresponde ao perfil descrito no enunciado.

---

💡 DICA DE PROVA

**Marcos dos reflexos primitivos — quando desaparecem:**

| Reflexo | Desaparece |
|---------|------------|
| Moro | 3-6 meses |
| Preensão palmar | 3-4 meses |
| Preensão plantar | 9-12 meses |
| RTCA | 3-4 meses |
| Marcha reflexa | 2 meses |
| Sucção | 4-6 meses |

**Macete para a ""fase de ouro"" (4-6 meses):**
> *""Bebê zen, mãos abertas, Moro foi embora""*

Este é o período em que o lactente está mais tranquilo: cólicas resolvidas, reflexos primitivos desaparecendo, interação social intensa, mas ainda sem ansiedade de separação."
"1","14","📋 QUESTÃO 14 — ÉTICA MÉDICA: ATESTADO DE ÓBITO EM MORTE VIOLENTA

🏥 Banca: Prova sem nome | Ano: não informado | Especialidade: Medicina Legal / Ética Médica

━━━━━━━━━━━━━━━━━━━━━━━━━━━━━━━━━━━━━━
🎯 GABARITO: Alternativa C
✅ ATUALIZADA
━━━━━━━━━━━━━━━━━━━━━━━━━━━━━━━━━━━━━━

📝 COMENTÁRIO GERAL

Esta questão aborda um tema fundamental em Medicina Legal e Ética Médica: **a emissão de Atestado de Óbito em casos de morte por causa externa (violenta ou suspeita)**. O fundamento legal está no **Código de Ética Médica (Resolução CFM nº 2.217/2018)** e na **Resolução CFM nº 1.779/2005**, que regulamenta a Declaração de Óbito.

**Conceito central:** Em mortes por causas externas (acidentes, homicídios, suicídios, mortes suspeitas), a competência para emissão do Atestado de Óbito é **exclusiva do médico legista do IML**, pois há necessidade de perícia para determinar a causa jurídica da morte e subsidiar eventuais investigações criminais.

**A regra geral é clara:**
- Morte natural → médico assistente ou substituto emite a DO
- Morte violenta/suspeita → **obrigatoriamente** encaminhamento ao IML

**E quando não há IML na localidade?**

A Resolução CFM nº 1.779/2005, Art. 2º, estabelece que:
> *""Nos casos de morte violenta ou suspeita, em localidades sem IML, a DO deverá ser fornecida por médico da localidade, **após comunicação à autoridade policial competente** (delegado de polícia) para as providências cabíveis.""*

Ou seja, mesmo na ausência de IML, **a comunicação à autoridade é OBRIGATÓRIA** — não há exceção a essa regra.

━━━━━━━━━━━━━━━━━━━━━━━━━━━━━━━━━━━━━━

🔍 ANÁLISE DAS ALTERNATIVAS

✅ **Alternativa C — CORRETA**
*""A afirmativa I está correta e a II incorreta.""*

- **Afirmativa I está CORRETA:** É vedado ao médico fornecer Atestado de Óbito em morte violenta ou suspeita. A competência é do IML, pois trata-se de morte de interesse médico-legal.

- **Afirmativa II está INCORRETA:** A exceção descrita está errada. Mesmo em localidades sem IML, o médico **pode** emitir a DO, porém **COM obrigatoriedade de comunicação à autoridade policial**. A afirmativa diz ""sem necessidade de comunicação"", o que viola frontalmente a Resolução CFM nº 1.779/2005.

---

❌ **Alternativa A — INCORRETA**
*""Ambas afirmativas estão corretas e a II é uma justificativa correta da I.""*

Incorreta porque a afirmativa II contém erro grave: dispensa a comunicação à autoridade, o que é ilegal. Além disso, mesmo que ambas fossem corretas, a II não seria justificativa da I — seria uma exceção à regra, não uma justificativa.

---

❌ **Alternativa B — INCORRETA**
*""Ambas afirmativas estão corretas e a II não é uma justificativa correta da I.""*

Incorreta pelo mesmo motivo: a afirmativa II está errada ao dispensar a comunicação à autoridade policial.

---

❌ **Alternativa D — INCORRETA**
*""A afirmativa II está incorreta e a I correta.""*

**Atenção:** Esta alternativa parece idêntica à C, mas há uma **pegadinha de redação**. Observe:
- Alternativa C: ""A afirmativa **I está correta** e a **II incorreta**""
- Alternativa D: ""A afirmativa **II está incorreta** e a **I correta**""

Ambas dizem a mesma coisa com ordem invertida. **Se a banca considerou C correta e D incorreta, pode haver erro de formulação da questão.** Em provas bem elaboradas, isso não deveria ocorrer. Na prática, se você encontrar essa situação, marque a primeira que aparecer com o conteúdo correto (no caso, C).

---

❌ **Alternativa E — INCORRETA**
*""Ambas estão incorretas.""*

Incorreta porque a afirmativa I está correta — de fato é vedado ao médico não-legista emitir DO em morte violenta, exceto nas condições específicas previstas em lei (ausência de IML + comunicação à autoridade).

━━━━━━━━━━━━━━━━━━━━━━━━━━━━━━━━━━━━━━

💡 **DICA DE PROVA**

**Regra de ouro para Declaração de Óbito:**

| Tipo de Morte | Quem emite a DO |
|---------------|-----------------|
| Natural com assistência | Médico assistente |
| Natural sem assistência | SVO (Serviço de Verificação de Óbitos) |
| Violenta/Suspeita | **IML** (ou médico local + comunicação à polícia se não houver IML) |

**Memorize:** Em morte violenta, mesmo sem IML → **""Pode assinar, mas tem que avisar!""** (comunicação obrigatória à autoridade policial)."
"1","15","📋 QUESTÃO 15 — INTOXICAÇÕES EXÓGENAS NA PEDIATRIA

🏥 Banca: Prova sem nome | Ano: não informado | Especialidade: Pediatria / Toxicologia

━━━━━━━━━━━━━━━━━━━━━━━━━━━━━━━━━━━━━━
🎯 GABARITO: Alternativa D
✅ ATUALIZADA
━━━━━━━━━━━━━━━━━━━━━━━━━━━━━━━━━━━━━━

## 📝 COMENTÁRIO GERAL

As intoxicações exógenas representam uma das principais causas de atendimento emergencial pediátrico, especialmente em menores de 6 anos, faixa etária marcada pela curiosidade exploratória e pelo desenvolvimento da marcha sem noção de risco. No Brasil, os principais agentes envolvidos são **medicamentos, produtos de limpeza doméstica e pesticidas** (incluindo organofosforados, ainda amplamente utilizados em áreas rurais).

O manejo das intoxicações segue o princípio do **ABCDE toxicológico**, com ênfase em:
1. **Estabilização clínica** (via aérea, ventilação, circulação)
2. **Descontaminação** (cutânea, ocular ou gastrointestinal — conforme via de exposição)
3. **Antídotos específicos** (quando disponíveis e indicados)
4. **Eliminação acelerada** (em casos selecionados)

A questão explora conceitos fundamentais sobre cada uma dessas etapas, cobrando conhecimento prático sobre indicações e limitações das medidas de descontaminação.

---

## 🔍 ANÁLISE DAS ALTERNATIVAS

### ✅ Alternativa D — CORRETA
> *""A descontaminação cutânea é indispensável nas intoxicações por organofosforados com exposição cutânea.""*

**Absolutamente correta.** Os organofosforados (inseticidas como malation, paration, clorpirifós) são compostos **altamente lipossolúveis** que atravessam rapidamente a barreira cutânea, sendo absorvidos de forma contínua enquanto permanecerem em contato com a pele.

**Medidas obrigatórias:**
- **Remoção completa das roupas** (devem ser descartadas em saco plástico)
- **Banho copioso com água e sabão** por pelo menos 15-20 minutos
- **Proteção da equipe** com luvas impermeáveis e avental (risco de intoxicação secundária)

A descontaminação cutânea **interrompe a absorção continuada** do tóxico e é considerada **medida prioritária**, devendo ser realizada antes mesmo de outras intervenções, exceto estabilização de via aérea. A síndrome colinérgica (SLUDGE/DUMBELS) pode se agravar progressivamente se a fonte de exposição não for removida.

---

### ❌ Alternativa A — INCORRETA
> *""O uso do carvão ativado melhora o prognóstico destes pacientes.""*

**Afirmação genérica e incorreta.** O carvão ativado é uma ferramenta útil de descontaminação gastrointestinal, mas **não há evidência robusta de que melhore desfechos clínicos** (mortalidade, tempo de internação) de forma universal.

**Limitações importantes:**
- Eficácia máxima quando administrado **em até 1 hora** após ingestão
- **Não adsorve:** metais pesados (ferro, lítio), álcoois (etanol, metanol, etilenoglicol), hidrocarbonetos, cáusticos
- **Contraindicações:** rebaixamento do nível de consciência sem via aérea protegida, risco de aspiração, ingestão de cáusticos ou substâncias com risco de perfuração

A indicação deve ser **individualizada**, considerando o agente, o tempo decorrido e as condições clínicas do paciente.

---

### ❌ Alternativa B — INCORRETA
> *""A lavagem gástrica está indicada de rotina, especialmente dentro das duas primeiras horas da ingestão.""*

**Incorreta — a lavagem gástrica NÃO é rotina.** As diretrizes atuais (AACT/EAPCCT) restringiram drasticamente suas indicações devido ao risco de complicações (aspiração, perfuração, lesão esofágica) e à baixa eficácia na recuperação do tóxico.

**Indicações restritas (quando considerada):**
- Ingestão de **substância potencialmente letal**
- Apresentação **em até 1 hora** (não 2 horas como afirma a alternativa)
- Paciente com **via aérea protegida** (intubado ou consciente e cooperativo)
- Ausência de contraindicações (cáusticos, hidrocarbonetos, objetos cortantes)

Na prática atual, o **carvão ativado** (quando indicado) substituiu a lavagem gástrica na maioria dos cenários.

---

### ❌ Alternativa C — INCORRETA
> *""A naloxona é o antídoto de escolha para as intoxicações por benzodiazepínicos e opioides.""*

**Parcialmente correta, mas a inclusão de benzodiazepínicos torna a alternativa errada.**

| Classe | Antídoto |
|--------|----------|
| **Opioides** | **Naloxona** (antagonista competitivo dos receptores μ, κ, δ) |
| **Benzodiazepínicos** | **Flumazenil** (antagonista competitivo do receptor GABA-A) |

**Atenção:** O flumazenil deve ser usado com cautela, pois pode precipitar **convulsões** em pacientes com uso crônico de benzodiazepínicos ou em coingestão com substâncias pró-convulsivantes (antidepressivos tricíclicos, cocaína). Por isso, seu uso rotineiro é desencorajado.

---

### ❌ Alternativa E — INCORRETA
> *""A alcalinização da urina tem por objetivo alterar o pH para dificultar a passagem do tóxico através das membranas biológicas e deve ser feita em bôlus dentro da primeira hora do atendimento.""*

**Dois erros conceituais:**

1. **Objetivo incorreto:** A alcalinização urinária visa **facilitar a eliminação renal** de ácidos fracos (como salicilatos e fenobarbital), não ""dificultar a passagem através de membranas"". O mecanismo é o **aprisionamento iônico** — em pH alcalino, ácidos fracos tornam-se ionizados e não são reabsorvidos nos túbulos renais.

2. **Forma de administração incorreta:** A alcalinização é feita com **bicarbonato de sódio em infusão contínua**, com meta de pH urinário entre **7,5-8,5**, e não em bolus único na primeira hora. Requer monitorização de pH sérico, potássio e pH urinário.

**Indicações clássicas:**
- Intoxicação moderada a grave por **salicilatos**
- Intoxicação por **fenobarbital**
- Rabdomiólise (para prevenção de lesão renal por mioglobina)

---

## 💡 DICA DE PROVA

**Mnemônico para síndrome colinérgica (organofosforados):**

> **SLUDGE + Killer B's**
>"
"1","16","📋 QUESTÃO 16 — ALEITAMENTO MATERNO

🏥 Banca: Prova sem nome | Ano: não informado | Especialidade: Pediatria / Puericultura

━━━━━━━━━━━━━━━━━━━━━━━━━━━━━━━━━━━━━━
🎯 GABARITO: Alternativa E
✅ ATUALIZADA
━━━━━━━━━━━━━━━━━━━━━━━━━━━━━━━━━━━━━━

## 📝 COMENTÁRIO GERAL

O aleitamento materno é tema **recorrente** em provas de residência, especialmente nas questões de Pediatria e Saúde da Criança. As recomendações da **OMS**, do **Ministério da Saúde** e da **Sociedade Brasileira de Pediatria (SBP)** são convergentes:

- **Aleitamento materno exclusivo (AME):** até os **6 meses** de vida
- **Aleitamento materno complementado:** dos 6 meses até **2 anos ou mais**

Um conceito fundamental cobrado nesta questão é a **composição dinâmica do leite materno durante a mamada**:

| Fase da mamada | Denominação | Características |
|----------------|-------------|-----------------|
| Início | **Leite anterior** | Mais aquoso, rico em proteínas, lactose, vitaminas hidrossolúveis e água |
| Final | **Leite posterior** | Mais espesso, rico em **gordura (lipídios)**, maior valor calórico, promove **saciedade** |

Por isso, recomenda-se que a criança **esvazie uma mama antes de passar para a outra**, garantindo acesso ao leite posterior e, consequentemente, ao aporte calórico adequado para ganho de peso.

---

## 🔍 ANÁLISE DAS ALTERNATIVAS

### ✅ Alternativa E — CORRETA
> *""É importante que a criança fique o tempo suficiente na mama para ter acesso ao leite posterior, por conter mais calorias e saciar a criança.""*

**Perfeito.** O leite posterior é mais rico em gordura (até 3-5x mais lipídios que o leite anterior), sendo responsável por:
- Maior **aporte energético**
- **Saciedade** do lactente
- **Ganho ponderal** adequado

A orientação do MS e da SBP é que a criança mame **em livre demanda** e permaneça na mama até esvaziá-la, acessando assim o leite posterior. Só então, se ainda demonstrar fome, oferece-se a outra mama.

---

### ❌ Alternativa A — INCORRETA
> *""O tempo de permanência na mama em cada mamada deve ser pré-estabelecido.""*

**Errado.** O aleitamento deve ser em **livre demanda**, sem horários rígidos nem tempo pré-determinado. Cada criança tem seu ritmo de sucção, e estabelecer tempo fixo pode:
- Impedir o acesso ao leite posterior
- Prejudicar o ganho de peso
- Reduzir o estímulo à produção láctea

---

### ❌ Alternativa B — INCORRETA
> *""Após os dois anos o AM deve ser desestimulado pelo risco de acarretar carências nutricionais.""*

**Errado.** A recomendação da OMS, MS e SBP é manter o aleitamento materno **até 2 anos ou mais**. Não há limite superior obrigatório para interrupção, e o desmame deve ser **gradual e natural**. O leite materno continua oferecendo benefícios imunológicos e nutricionais mesmo após os 2 anos, desde que a alimentação complementar seja adequada.

---

### ❌ Alternativa C — INCORRETA
> *""Recomenda-se que após o sexto mês a alimentação seja complementada com novos alimentos e fórmula láctea.""*

**Parcialmente errada.** Após os 6 meses, realmente inicia-se a **alimentação complementar** com novos alimentos (papas de frutas, papas salgadas). Porém, **não há recomendação de introdução de fórmula láctea** de rotina se a mãe mantém a amamentação. A fórmula só está indicada quando há:
- Contraindicação ao AM
- Impossibilidade de amamentar
- Produção láctea insuficiente documentada

O ideal é manter o **leite materno como fonte láctea principal** até os 2 anos.

---

### ❌ Alternativa D — INCORRETA
> *""Há indícios de que a presença do pai em casa pode aumentar a chance de manutenção do AM por dois anos ou mais.""*

**Cuidado com esta alternativa!** Embora estudos sociológicos e de saúde pública sugiram que o **apoio familiar** (incluindo a figura paterna) pode favorecer a manutenção do AM, esta afirmação é **genérica e não representa consenso formal** nas diretrizes do MS ou SBP como recomendação técnica.

A alternativa não está ""errada na prática"", mas é **menos precisa e menos técnica** que a alternativa E, que aborda um conceito fisiológico bem estabelecido. Em provas objetivas, quando há uma alternativa claramente correta do ponto de vista técnico-científico (como a E), ela prevalece sobre afirmações de evidência mais fraca.

---

## 💡 DICA DE PROVA

> **""Leite do FINAL = GORDO = SACIEDADE""**
> 
> Lembre-se: o leite **posterior** (final da mamada) é rico em **gordura** → mais **calorias** → promove **saciedade** e **ganho de peso**.
> 
> Por isso: **esvaziar uma mama antes de oferecer a outra!**"
"1","17","📋 QUESTÃO 17 — DERMATITE SEBORREICA INFANTIL

🏥 Banca: Prova sem nome | Ano: não informado | Especialidade: Dermatologia / Pediatria

━━━━━━━━━━━━━━━━━━━━━━━━━━━━━━━━━━━━━━
🎯 GABARITO: Alternativa A
✅ ATUALIZADA
━━━━━━━━━━━━━━━━━━━━━━━━━━━━━━━━━━━━━━

## 📝 COMENTÁRIO GERAL

O caso descreve um quadro clássico de **dermatite seborreica infantil** (DSI): lactente de 1 mês com placas eritematodescamativas, crostas amareladas aderentes (""crostas lácteas"") em áreas seborreicas típicas — couro cabeludo, região retroauricular, pescoço e períneo. O bom estado geral e ausência de febre afastam processos infecciosos sistêmicos.

A dermatite seborreica infantil é uma condição **autolimitada e benigna**, que surge tipicamente nas primeiras semanas de vida (pico entre 2-10 semanas) e tende a resolver espontaneamente até os 6-12 meses. Sua fisiopatologia envolve:

1. **Hiperatividade das glândulas sebáceas** — estimuladas por andrógenos maternos transplacentários
2. **Colonização por Malassezia spp.** — fungo lipofílico comensal que prolifera em áreas ricas em sebo
3. **Resposta inflamatória** — aos metabólitos lipídicos produzidos pelo fungo

A **Malassezia** (anteriormente chamada *Pityrosporum*) é considerada o principal agente etiológico implicado, embora a DSI não seja uma infecção fúngica clássica, mas sim uma reação inflamatória à presença do fungo e seus produtos metabólicos.

---

## 🔍 ANÁLISE DAS ALTERNATIVAS

### ✅ Alternativa A — Malassezia — CORRETA

A **Malassezia spp.** é o agente etiológico mais associado à dermatite seborreica, tanto na forma infantil quanto na adulta. Trata-se de um fungo dimórfico, lipofílico, que faz parte da microbiota cutânea normal, mas que em condições de aumento da produção sebácea prolifera e desencadeia resposta inflamatória.

Evidências que sustentam essa associação:
- Maior densidade de Malassezia nas lesões de DS
- Melhora clínica com antifúngicos tópicos (cetoconazol, ciclopirox)
- Recorrência associada à recolonização

---

### ❌ Alternativa B — Autoimunidade — INCORRETA

A dermatite seborreica **não é uma doença autoimune**. Não há produção de autoanticorpos nem destruição tecidual mediada por linfócitos autorreativos.

⚠️ **Atenção ao diagnóstico diferencial:** Em lactentes com quadro semelhante, porém **mais extenso, refratário e associado a hepatoesplenomegalia, linfadenopatia ou lesões purpúricas**, deve-se considerar a **Histiocitose de Células de Langerhans** — esta sim com componente de proliferação celular anormal (não autoimune clássica, mas neoplásica).

---

### ❌ Alternativa C — Staphylococcus aureus — INCORRETA

O *S. aureus* é o principal agente de **infecções cutâneas piogênicas** em pediatria (impetigo, foliculite, abscessos). O impetigo estafilocócico apresenta:
- **Bolhas flácidas** (forma bolhosa) ou crostas melicéricas
- **Lesões mais localizadas**, frequentemente em face e membros
- **Sinais flogísticos** mais evidentes

O quadro descrito não apresenta pústulas, bolhas ou sinais de infecção bacteriana ativa. O *S. aureus* pode colonizar secundariamente lesões de DS, mas não é o agente etiológico primário.

---

### ❌ Alternativa D — Streptococcus do grupo A — INCORRETA

O *Streptococcus pyogenes* (GAS) causa:
- **Impetigo crostoso** (não bolhoso) — crostas melicéricas
- **Erisipela/celulite** — placas eritematosas dolorosas, quentes, com bordas bem definidas
- **Escarlatina** — exantema micropapular em ""lixa""

Nenhuma dessas apresentações corresponde ao quadro descrito. Além disso, infecções estreptocócicas cursam com **sinais sistêmicos** (febre, irritabilidade), ausentes neste lactente.

---

### ❌ Alternativa E — Staphylococcus epidermidis — INCORRETA

O *S. epidermidis* é um comensal cutâneo de **baixa virulência**. Sua relevância clínica está principalmente em:
- **Infecções associadas a dispositivos** (cateteres, próteses, válvulas)
- **Bacteremia em neonatos prematuros** com acesso venoso central

Não é agente de dermatoses inflamatórias como a dermatite seborreica. Sua presença na pele é normal e não patogênica em imunocompetentes.

---

## 💡 DICA DE PROVA

> **""Crosta láctea + áreas seborreicas + lactente bem = Dermatite Seborreica = Malassezia""**

Lembre-se da distribuição característica em **""áreas seborreicas""**:
- Couro cabeludo
- Face (sulco nasolabial, glabela)
- Retroauricular
- Região pré-esternal
- Áreas intertriginosas (axilas, pescoço, períneo)

**Diferencial importante:** Se o quadro for **extenso, eritrodérmico ou refratário**, considere **Histiocitose de Células de Langerhans** ou **Doença de Leiner** (forma grave de DS associada a imunodeficiências)."
"1","18","📋 QUESTÃO 18 — OFTALMIA NEONATAL (CONJUNTIVITE NEONATAL GONOCÓCICA)

🏥 Banca: Prova sem nome | Ano: não informado | Especialidade: Pediatria / Neonatologia / Infectologia Pediátrica

━━━━━━━━━━━━━━━━━━━━━━━━━━━━━━━━━━━━━━
🎯 GABARITO: Alternativa C
✅ ATUALIZADA
━━━━━━━━━━━━━━━━━━━━━━━━━━━━━━━━━━━━━━

## 📝 COMENTÁRIO GERAL

A questão aborda um caso clássico de **oftalmia neonatal gonocócica** — uma emergência oftalmológica em neonatologia. O quadro descrito é altamente sugestivo:

| Característica | Significado clínico |
|----------------|---------------------|
| **3º dia de vida** | Período de incubação típico da *Neisseria gonorrhoeae* (2-5 dias) |
| **Secreção purulenta espessa e abundante** | Padrão hiperagudo, característico do gonococo |
| **Bilateral** | Contaminação durante passagem pelo canal de parto |
| **Quemose palpebral** | Edema conjuntival intenso — sinal de gravidade |

### Diagnóstico diferencial por tempo de início:

```
┌─────────────────────────────────────────────────────────────┐
│  TEMPO DE INÍCIO    │  AGENTE MAIS PROVÁVEL                │
├─────────────────────────────────────────────────────────────┤
│  < 24-48 horas      │  Conjuntivite química (nitrato de    │
│                     │  prata — profilaxia de Credé)        │
├─────────────────────────────────────────────────────────────┤
│  2-5 dias           │  Neisseria gonorrhoeae ★             │
├─────────────────────────────────────────────────────────────┤
│  5-14 dias          │  Chlamydia trachomatis               │
└─────────────────────────────────────────────────────────────┘
```

A **gravidade da conjuntivite gonocócica** reside no risco de **ulceração corneana e perfuração ocular** em poucas horas se não tratada adequadamente. Por isso, o tratamento deve ser **sistêmico e imediato**, não apenas tópico.

### Tratamento preconizado (Ministério da Saúde / SBP):
- **Ceftriaxona 25-50 mg/kg IV ou IM, dose única** (máx. 125 mg)
- Alternativa: **Penicilina cristalina** (se sensibilidade confirmada)
- Irrigação ocular com SF 0,9% como medida adjuvante

---

## 🔍 ANÁLISE DAS ALTERNATIVAS

### ✅ Alternativa C — CORRETA
**""Antibioticoterapia sistêmica com penicilina ou ceftriaxona""**

Esta é a conduta correta. A conjuntivite gonocócica neonatal **exige tratamento sistêmico** pelos seguintes motivos:
- Alta virulência do gonococo com capacidade de invasão tecidual rápida
- Risco de complicações graves (perfuração corneana, endoftalmite, sepse, meningite, artrite)
- Tratamento tópico isolado é insuficiente para erradicar a infecção

A **ceftriaxona** é a droga de escolha atual devido à crescente resistência gonocócica à penicilina. A penicilina permanece como alternativa quando há confirmação de sensibilidade.

---

### ❌ Alternativa A — INCORRETA
**""Colírio de tobramicina""**

A tobramicina é um aminoglicosídeo com boa cobertura para Gram-negativos, mas:
- **Tratamento tópico isolado é insuficiente** para infecção gonocócica
- Não penetra adequadamente nos tecidos para erradicar infecção invasiva
- Poderia ser considerada como **adjuvante**, nunca como monoterapia

---

### ❌ Alternativa B — INCORRETA
**""Azitromicina por via oral""**

A azitromicina oral é o tratamento de escolha para **conjuntivite por Chlamydia trachomatis**, não para gonococo. Características que diferenciam:
- Clamídia: início mais tardio (5-14 dias), secreção mucopurulenta menos intensa
- O quadro descrito (3º dia, secreção abundante, quemose) aponta para gonococo

Além disso, a azitromicina oral isolada não é recomendada para infecção gonocócica devido ao aumento de resistência.

---

### ❌ Alternativa D — INCORRETA
**""Associação de colírio de eritromicina com penicilina cristalina""**

Embora inclua um antibiótico sistêmico (penicilina), esta alternativa apresenta problemas:
- A **eritromicina tópica** é mais indicada para profilaxia ou para clamídia
- A associação proposta não segue os protocolos atuais
- A **ceftriaxona** é preferível à penicilina como primeira escolha devido à resistência

A alternativa C é mais adequada por mencionar ceftriaxona como opção.

---

### ❌ Alternativa E — INCORRETA
**""Irrigação ocular com solução de soro fisiológico a cada duas horas""**

A irrigação ocular com SF 0,9% é uma **medida adjuvante importante** para remover secreção purulenta e reduzir a carga bacteriana local, mas:
- **Não substitui a antibioticoterapia sistêmica**
- Isoladamente, não impede a progressão da infecção
- Deve ser realizada **em conjunto** com o tratamento antimicrobiano

---

## 💡 DICA DE PROVA

> **""Conjuntivite neonatal HIPERAGUDA (2-5 dias) + secreção ABUNDANTE + QUEMOSE = GONOCOCO → tratamento SISTÊMICO (ceftriaxona)""**

Para memorizar o tempo de início:
- **""Química é rápida""** → < 48h (nitrato de prata)
- **""Gono-CINCO""** → 2-5 dias (gonococo)
- **""Clamídia é lenta""** → 5-14 dias (clamídia)"
"1","19","📋 QUESTÃO 19 — RESSUSCITAÇÃO CARDIOPULMONAR PEDIÁTRICA

🏥 Banca: Prova sem nome | Ano: não informado | Especialidade: Pediatria / Urgência e Emergência

━━━━━━━━━━━━━━━━━━━━━━━━━━━━━━━━━━━━━━
🎯 GABARITO: Alternativa E
⚠️ ATENÇÃO — QUESTÃO PROBLEMÁTICA (análise detalhada abaixo)
━━━━━━━━━━━━━━━━━━━━━━━━━━━━━━━━━━━━━━

📝 COMENTÁRIO GERAL

Esta questão aborda conceitos fundamentais da ressuscitação cardiopulmonar (RCP) pediátrica, tema regido pelas diretrizes da **American Heart Association (AHA)** e do **International Liaison Committee on Resuscitation (ILCOR)**, com atualizações em 2020 e revisões focadas em 2023.

A PCR pediátrica difere substancialmente da PCR em adultos em termos de **etiologia, epidemiologia e prognóstico**. Enquanto no adulto predominam causas cardíacas primárias (especialmente arritmias ventriculares por doença coronariana), na criança a PCR é majoritariamente secundária a **hipóxia e insuficiência respiratória progressiva** — o que explica a predominância de ritmos não-chocáveis (assistolia e AESP).

**Pontos-chave das diretrizes AHA 2020:**
- Frequência de compressões: **100 a 120/minuto**
- Profundidade: **pelo menos 1/3 do diâmetro AP do tórax** (≈4 cm em lactentes, ≈5 cm em crianças)
- Relação compressão:ventilação: 30:2 (1 socorrista) ou 15:2 (2 socorristas em pediatria)

---

🔍 ANÁLISE DAS ALTERNATIVAS

Vamos analisar cada afirmativa individualmente:

---

**AFIRMATIVA I — ""O prognóstico da RCP nas crianças é melhor que nos adultos""**

⚠️ **PARCIALMENTE VERDADEIRA / CONTEXTO-DEPENDENTE**

Esta afirmativa é **controversa** e depende do cenário:

| Cenário | Prognóstico Pediátrico vs. Adulto |
|---------|-----------------------------------|
| **PCR intra-hospitalar (PCRIH)** | Crianças têm **melhor** sobrevida (~40-50% vs. ~25% em adultos) |
| **PCR extra-hospitalar (PCREH)** | Crianças têm prognóstico **semelhante ou pior** (~10-12%) |

A literatura clássica sustenta que crianças, por terem **menor prevalência de comorbidades** e **maior reserva fisiológica**, respondem melhor à RCP quando a causa é reversível (especialmente respiratória). Contudo, a PCREH pediátrica frequentemente ocorre em contexto de **colapso súbito não presenciado**, com atraso no início da RCP, o que piora drasticamente o desfecho.

**Conclusão:** A afirmativa é uma **generalização imprecisa**. Em contexto hospitalar, tende a ser verdadeira; em contexto extra-hospitalar, não necessariamente.

---

**AFIRMATIVA II — ""As arritmias ventriculares ocorrem na maioria dos casos das vítimas pediátricas em PCR extra-hospitalar""**

❌ **INCORRETA**

Esta afirmativa está **claramente errada**. Os dados epidemiológicos são consistentes:

| Ritmo Inicial | PCR Pediátrica Extra-hospitalar |
|---------------|--------------------------------|
| **Assistolia** | 40-50% |
| **AESP** | 20-25% |
| **FV/TV sem pulso** | **7-15%** |

A maioria das PCR pediátricas extra-hospitalares apresenta **ritmos não-chocáveis** (assistolia/AESP), refletindo a etiologia predominantemente **hipóxica/asfíxica** (afogamento, obstrução de via aérea, infecções respiratórias graves, SMSL).

Arritmias ventriculares (FV/TV) são mais comuns em:
- Cardiopatias congênitas
- Canalopatias (QT longo, Brugada)
- Miocardites
- Intoxicações
- Adolescentes (perfil mais próximo do adulto)

---

**AFIRMATIVA III — ""As compressões torácicas devem ser realizadas com profundidade de 1/3 do tórax, numa frequência não superior a 100 por minuto""**

❌ **INCORRETA**

Esta afirmativa contém **dois componentes**:

| Parâmetro | Afirmativa | Diretriz AHA 2020 | Avaliação |
|-----------|------------|-------------------|-----------|
| Profundidade | 1/3 do tórax | **Pelo menos 1/3** do diâmetro AP | ✅ Aceitável |
| Frequência | ≤100/min | **100-120/min** | ❌ ERRADA |

O erro está na frequência: a diretriz estabelece uma **faixa de 100 a 120 compressões por minuto**. Dizer ""não superior a 100"" exclui toda a faixa entre 100-120, que é justamente o alvo recomendado.

> **Atenção:** Frequências >120/min também são inadequadas, pois comprometem o tempo de reenchimento ventricular e a qualidade das compressões.

---

**✅ Alternativa E — CORRETA (pelo gabarito)**

Segundo o gabarito oficial, **todas as três afirmativas estão incorretas**.

- **Afirmativa II:** Claramente incorreta ✓
- **Afirmativa III:** Incorreta pelo erro na frequência ✓
- **Afirmativa I:** Considerada incorreta pela banca (provavelmente por ser uma generalização)

---

❌ **Alternativa A — INCORRETA**
Afirma que I e II estão corretas. A afirmativa II está inequivocamente errada.

❌ **Alternativa B — INCORRETA**
Afirma que I e III estão corretas. A afirmativa III está errada (frequência).

❌ **Alternativa C — INCORRETA**
Afirma que II e III estão corretas. Ambas estão erradas.

❌ **Alternativa D — INCORRETA**
Afirma que todas estão corretas. As afirmativas II e III estão claramente erradas.

---

💡 DICA DE PROVA

**Parâmetros da RCP de alta qualidade (AHA 2020):**

| Parâmetro | Adulto | Criança | Lactente |
|-----------|--------|---------|----------|
| **Frequência** | 100-120/min | 100-120/min | 100-120/min |
| **Profundidade** | ≥5 cm (máx 6 cm) | ≥5 cm ou 1/3 AP | ≥4 cm ou 1/3 AP |
| **Retorno torácico** | Completo | Completo | Completo |
| **Relação C:V (1 socorrista)** | 30:2 | 30:2 | 30:2 |
| **Relação C:V (2"
"1","20","📋 QUESTÃO 20 — ALERGIA ALIMENTAR

🏥 Banca: Prova sem nome | Ano: não informado | Especialidade: Pediatria / Alergia e Imunologia

━━━━━━━━━━━━━━━━━━━━━━━━━━━━━━━━━━━━━━
🎯 GABARITO: Alternativa D
✅ ATUALIZADA
━━━━━━━━━━━━━━━━━━━━━━━━━━━━━━━━━━━━━━

## 📝 COMENTÁRIO GERAL

A alergia alimentar é uma reação adversa imunológica reprodutível a proteínas alimentares, podendo ser **mediada por IgE** (reações imediatas), **não mediada por IgE** (reações tardias, celulares) ou **mistas**. A prevalência é estimada em 6-8% das crianças e 2-3% dos adultos.

O tema central desta questão é a **janela de oportunidade para introdução alimentar** — um conceito que revolucionou a prevenção de alergias alimentares na última década. Estudos como o **LEAP (Learning Early About Peanut Allergy)** e o **EAT (Enquiring About Tolerance)** demonstraram que a **introdução precoce** de alimentos potencialmente alergênicos (entre 4-6 meses, junto à amamentação) pode **reduzir** o risco de sensibilização, contrariando a antiga recomendação de postergar esses alimentos.

A Sociedade Brasileira de Pediatria (SBP) e a ASBAI (Associação Brasileira de Alergia e Imunologia) atualmente recomendam **não atrasar** a introdução de alimentos alergênicos em lactentes, mesmo naqueles com risco elevado (história familiar de atopia).

---

## 🔍 ANÁLISE DAS ALTERNATIVAS

### ✅ Alternativa D — CORRETA
**""A introdução tardia dos alimentos alergênicos pode aumentar o risco de alergia.""**

Correto. A evidência atual demonstra que **postergar a introdução de alimentos alergênicos além dos 6 meses não previne alergia alimentar** — pelo contrário, pode aumentar o risco. O estudo LEAP mostrou redução de até 80% na prevalência de alergia ao amendoim quando introduzido precocemente em lactentes de alto risco. A exposição oral precoce favorece o desenvolvimento de **tolerância imunológica**, enquanto a exposição cutânea (em pele com barreira comprometida, como na dermatite atópica) sem exposição oral prévia favorece sensibilização.

---

### ❌ Alternativa A — INCORRETA
**""A alergia ao ovo e leite é para toda a vida.""**

Incorreto. A alergia ao **leite de vaca** e ao **ovo** são as mais comuns na infância e apresentam **alta taxa de resolução espontânea**:
- **Leite de vaca**: 50% resolvem até 1 ano; 80-90% até os 5 anos
- **Ovo**: 50% resolvem até 3 anos; 66% até os 5 anos

Em contraste, alergias a **amendoim, castanhas, peixes e frutos do mar** tendem a ser **persistentes** e acompanhar o indivíduo por toda a vida (apenas 10-20% resolvem).

---

### ❌ Alternativa B — INCORRETA
**""É mais comum em países em desenvolvimento.""**

Incorreto. A alergia alimentar é **mais prevalente em países desenvolvidos/industrializados**. Isso é explicado pela **""hipótese da higiene""**: menor exposição a microrganismos e parasitas na infância leva a um desvio da resposta imune para o perfil Th2 (alérgico). Outros fatores associados incluem: maior uso de antibióticos, menor diversidade da microbiota intestinal, dietas processadas e menor exposição a fazendas/animais.

---

### ❌ Alternativa C — INCORRETA
**""A dosagem de IgE específica no soro é o padrão ouro para o diagnóstico.""**

Incorreto. O **padrão-ouro** para diagnóstico de alergia alimentar é o **Teste de Provocação Oral (TPO)**, preferencialmente **duplo-cego e placebo-controlado (TPODCPC)**. 

A dosagem de **IgE específica sérica** e o **teste cutâneo de puntura (prick test)** são exames de **triagem/rastreamento** que indicam **sensibilização**, mas **não confirmam alergia clínica**. Um paciente pode ter IgE específica positiva e ser tolerante ao alimento (sensibilização sem alergia). Por isso, a correlação clínica é fundamental.

---

### ❌ Alternativa E — INCORRETA
**""A síndrome de enterocolite induzida por proteínas alimentares (FPIES) é uma forma grave de alergia alimentar mediada por IgE.""**

Incorreto. A **FPIES (Food Protein-Induced Enterocolitis Syndrome)** é uma forma **NÃO mediada por IgE** — trata-se de uma reação de **hipersensibilidade celular (tipo IV)**. 

Caracteriza-se por:
- Vômitos profusos e repetitivos (1-4h após ingestão)
- Diarreia (pode ser tardia, 5-10h)
- Letargia, palidez, hipotensão em casos graves
- **IgE específica e prick test são NEGATIVOS**
- Principais desencadeantes: leite de vaca, soja, arroz, aveia

A FPIES aguda grave pode mimetizar sepse ou abdome agudo, sendo uma emergência pediátrica. O diagnóstico é clínico e confirmado por TPO (quando indicado).

---

## 💡 DICA DE PROVA

> **""Leite e ovo = alergia que SOME | Amendoim e frutos do mar = alergia que FICA""**

Para lembrar os mecanismos:
- **IgE-mediada** → reação IMEDIATA (minutos a 2h): urticária, angioedema, anafilaxia
- **Não IgE-mediada** → reação TARDIA (horas a dias): FPIES, proctocolite, enteropatia"
"1","21","📋 QUESTÃO 21 — PRÉ-ECLÂMPSIA: DIAGNÓSTICO E MANEJO

🏥 Banca: Prova sem nome | Ano: não informado | Especialidade: Obstetrícia

━━━━━━━━━━━━━━━━━━━━━━━━━━━━━━━━━━━━━━
🎯 GABARITO: Alternativa E
✅ ATUALIZADA
━━━━━━━━━━━━━━━━━━━━━━━━━━━━━━━━━━━━━━

## 📝 COMENTÁRIO GERAL

A questão aborda o **diagnóstico diferencial dos distúrbios hipertensivos da gestação** e a conduta adequada frente à pré-eclâmpsia, tema absolutamente central em provas de residência.

### Critérios diagnósticos de Pré-eclâmpsia (FEBRASGO/ACOG):
- **PA ≥ 140 × 90 mmHg** após 20 semanas de gestação, em duas aferições com intervalo de 4 horas
- **MAIS** proteinúria ≥ 300 mg/24h (ou relação proteína/creatinina ≥ 0,3, ou ≥ 1+ em fita)

**OU** hipertensão associada a sinais de comprometimento de órgão-alvo (mesmo sem proteinúria):
- Plaquetopenia < 100.000/mm³
- Creatinina > 1,1 mg/dL ou duplicação do valor basal
- Elevação de transaminases (≥ 2x o normal)
- Edema pulmonar
- Sintomas cerebrais ou visuais

### Classificação quanto à gravidade:

| **Pré-eclâmpsia SEM sinais de deterioração** | **Pré-eclâmpsia COM sinais de deterioração** |
|---------------------------------------------|---------------------------------------------|
| PA < 160 × 110 mmHg | PA ≥ 160 × 110 mmHg |
| Sem sintomas (cefaleia, epigastralgia, escotomas) | Sintomas presentes |
| Plaquetas ≥ 100.000 | Plaquetas < 100.000 |
| Função renal/hepática normais | Cr > 1,1 ou transaminases elevadas |
| Sem edema pulmonar | Edema pulmonar |

**No caso apresentado:**
- Gestante de 32 semanas, **assintomática**
- PA = 150 × 95 mmHg (elevada, mas < 160 × 110)
- Proteinúria positiva em fita
- Crescimento fetal adequado
- **Sem sinais de deterioração clínica**

➡️ Trata-se de **pré-eclâmpsia sem sinais de deterioração clínica**, permitindo conduta expectante com vigilância rigorosa.

---

## 🔍 ANÁLISE DAS ALTERNATIVAS

### ✅ Alternativa E — CORRETA
> *""Pré-eclâmpsia sem sinais de deterioração clínica: iniciar anti-hipertensivo, solicitar exames materno-fetais e manter vigilância ambulatorial.""*

**Diagnóstico correto:** Hipertensão após 20 semanas + proteinúria = pré-eclâmpsia.

**Conduta adequada para pré-eclâmpsia sem sinais de deterioração:**
- **Anti-hipertensivo oral** (metildopa, nifedipino ou hidralazina VO) — meta: PA < 140 × 90 mmHg
- **Avaliação laboratorial materna:** hemograma, plaquetas, creatinina, ácido úrico, transaminases, LDH, bilirrubinas
- **Avaliação fetal:** USG com Doppler, perfil biofísico fetal, cardiotocografia
- **Vigilância ambulatorial** com consultas frequentes (1-2x/semana)
- **Interrupção da gestação com 37 semanas** se estabilidade mantida

---

### ❌ Alternativa A — INCORRETA
> *""Hipertensão gestacional: iniciar metildopa e agendar nova avaliação em 7 dias.""*

**Erro diagnóstico:** Hipertensão gestacional é definida como hipertensão após 20 semanas **SEM proteinúria e SEM sinais de comprometimento de órgão-alvo**. A paciente apresenta proteinúria positiva, o que configura **pré-eclâmpsia**, não hipertensão gestacional.

**Erro na conduta:** Mesmo que fosse hipertensão gestacional, agendar retorno em 7 dias seria inadequado — a vigilância deve ser mais frequente pelo risco de evolução para pré-eclâmpsia.

---

### ❌ Alternativa B — INCORRETA
> *""Pré-eclâmpsia incipiente: repetir aferições da PA em 48 horas e seguir com pré-natal habitual.""*

**Erro conceitual:** O termo ""pré-eclâmpsia incipiente"" não é uma classificação reconhecida nas diretrizes atuais. A paciente já preenche critérios completos para pré-eclâmpsia (PA elevada em duas aferições + proteinúria).

**Erro na conduta:** ""Pré-natal habitual"" é absolutamente inadequado. Pré-eclâmpsia exige vigilância intensificada, anti-hipertensivo e avaliação laboratorial/fetal imediata.

---

### ❌ Alternativa C — INCORRETA
> *""Hipertensão crônica: confirmar proteinúria com exames laboratoriais e aguardar evolução do quadro.""*

**Erro diagnóstico:** Hipertensão crônica é aquela **diagnosticada antes de 20 semanas de gestação** ou que persiste além de 12 semanas pós-parto. A paciente está com 32 semanas e não há menção de hipertensão prévia — trata-se de hipertensão de início na gestação.

**Erro na conduta:** ""Aguardar evolução"" é conduta passiva e perigosa. A pré-eclâmpsia pode evoluir rapidamente para formas graves, eclâmpsia ou síndrome HELLP.

---

### ❌ Alternativa D — INCORRETA
> *""Pré-eclâmpsia com sinais de deterioração clínica: iniciar sulfato de magnésio, anti-hipertensivo e indicar interrupção da gestação.""*

**Erro na classificação:** A paciente **NÃO apresenta sinais de deterioração**:
- PA = 150 × 95 (< 160 × 110)
- Assintomática (sem cefaleia, epigastralgia, escotomas)
- Não há dados de plaquetopenia ou disfunção orgânica

**Erro na conduta:**
- **Sulfato de magnésio:** indicado para profilaxia de eclâmpsia em casos COM sinais de deterioração ou durante o parto
- **Interrupção imediata:** indicada em pré-eclâmpsia grave ou ≥ 37 semanas. Com 32 semanas e quadro estável, a conduta é expectante com vigilância

⚠️ **Interromper prematuramente uma gestação de 32 semanas sem indicação precisa aumenta morbimortalidade neonatal.**

---

## 💡 DICA DE PROVA

**Macete para lembrar os sinais de deterioração na pré-eclâmpsia — ""HELLP + SNC"":**
- **H**emólise"
"1","22","📋 QUESTÃO 22 — DIABETES MELLITUS GESTACIONAL (DMG)

🏥 Banca: Prova sem nome | Ano: não informado | Especialidade: Obstetrícia / Endocrinologia

━━━━━━━━━━━━━━━━━━━━━━━━━━━━━━━━━━━━━━
🎯 GABARITO: Alternativa A
✅ ATUALIZADA
━━━━━━━━━━━━━━━━━━━━━━━━━━━━━━━━━━━━━━

## 📝 COMENTÁRIO GERAL

O **Diabetes Mellitus Gestacional (DMG)** é definido como qualquer grau de intolerância à glicose com início ou primeiro reconhecimento durante a gestação. O rastreamento é realizado entre **24-28 semanas** através do **Teste Oral de Tolerância à Glicose (TOTG) com 75g**.

### Critérios diagnósticos (IADPSG/OMS/FEBRASGO/SBD):

| Momento | Valor de corte |
|---------|----------------|
| Jejum | ≥ 92 mg/dL |
| 1 hora | ≥ 180 mg/dL |
| 2 horas | ≥ 153 mg/dL |

⚠️ **BASTA UM VALOR ALTERADO para confirmar o diagnóstico de DMG.**

**Analisando a paciente:**
- Jejum: 94 mg/dL → **ALTERADO** (≥92)
- 1 hora: 182 mg/dL → **ALTERADO** (≥180)
- 2 horas: 154 mg/dL → **ALTERADO** (≥153)

A paciente apresenta **TRÊS valores alterados**, confirmando inequivocamente o diagnóstico de **Diabetes Gestacional**.

### Conduta inicial no DMG:

O tratamento segue uma abordagem escalonada:

```
1ª LINHA (sempre iniciar por aqui):
├── Terapia nutricional (dieta fracionada, controle de carboidratos)
├── Atividade física regular (se não contraindicada)
└── Automonitorização glicêmica domiciliar

2ª LINHA (se metas não atingidas em 1-2 semanas):
└── Insulinoterapia
```

**Metas glicêmicas na gestação:**
- Jejum: < 95 mg/dL
- 1h pós-prandial: < 140 mg/dL
- 2h pós-prandial: < 120 mg/dL

---

## 🔍 ANÁLISE DAS ALTERNATIVAS

### ✅ Alternativa A — CORRETA
> *""Diabetes gestacional: instituir plano alimentar, atividade física e controle glicêmico domiciliar.""*

**Perfeita!** O diagnóstico está correto (DMG confirmado pelos valores do TOTG) e a conduta inicial é exatamente a preconizada: **mudança de estilo de vida + monitorização**. A insulina só será introduzida se as metas glicêmicas não forem atingidas após 1-2 semanas de tratamento não farmacológico.

---

### ❌ Alternativa B — INCORRETA
> *""Intolerância à glicose gestacional: repetir TOTG em 2 semanas e manter dieta fracionada.""*

**Dois erros:**
1. **Não existe a categoria ""intolerância à glicose gestacional""** na classificação atual — ou é DMG ou não é.
2. **Não há necessidade de repetir o TOTG** — um único exame com valor(es) alterado(s) já confirma o diagnóstico.

A conduta de ""apenas observar"" seria inadequada e potencialmente prejudicial ao binômio materno-fetal.

---

### ❌ Alternativa C — INCORRETA
> *""Diabetes gestacional: iniciar insulina basal e orientar restrição de carboidratos complexos.""*

**Erros:**
1. **Insulina NÃO é primeira linha** — só está indicada após falha das medidas não farmacológicas.
2. **Carboidratos complexos NÃO devem ser restringidos** — pelo contrário, são preferíveis aos simples por terem menor índice glicêmico. A orientação é **substituir** carboidratos simples por complexos, não restringi-los.

Além disso, a paciente está **assintomática, com ganho ponderal adequado e feto no percentil 50** — não há critérios de gravidade que justifiquem insulinização imediata.

---

### ❌ Alternativa D — INCORRETA
> *""Diabetes pré-gestacional: solicitar hemoglobina glicada e indicar avaliação oftalmológica urgente.""*

**Erro conceitual importante:**

| Diabetes Pré-gestacional | Diabetes Gestacional |
|--------------------------|----------------------|
| Diagnóstico ANTES da gestação ou no 1º trimestre com critérios de DM franco | Diagnóstico entre 24-28 semanas pelo TOTG |
| Glicemia jejum ≥ 126 mg/dL | Glicemia jejum 92-125 mg/dL |
| HbA1c ≥ 6,5% | — |
| Requer rastreio de complicações crônicas | Não há complicações crônicas prévias |

A paciente foi diagnosticada com **27 semanas** através do TOTG, com valores compatíveis com DMG (não DM franco). Não há indicação de rastreio de retinopatia/nefropatia neste contexto.

---

### ❌ Alternativa E — INCORRETA
> *""Hiperglicemia gestacional transitória: observar evolução sem necessidade de intervenção imediata.""*

**Completamente errada:**
1. **""Hiperglicemia gestacional transitória"" não é uma entidade diagnóstica reconhecida.**
2. **DMG SEMPRE requer intervenção** — a conduta expectante expõe mãe e feto a riscos significativos:
   - Macrossomia fetal
   - Tocotraumatismo
   - Hipoglicemia neonatal
   - Pré-eclâmpsia
   - Polidrâmnio

---

## 💡 DICA DE PROVA

**Memorize os pontos de corte do TOTG 75g na gestação:**

```
🎯 ""92 - 180 - 153""
     ↓     ↓     ↓
   Jejum  1h    2h
```

> **Macete:** ""**Nove-Dois, Dezoito-Zero, Quinze-Três**"" — basta UM valor alterado!

**Atenção:** Diferente do diagnóstico de DM em não gestantes (que exige 2 testes alterados), no DMG **um único valor alterado já fecha o diagnóstico**."
"1","23","📋 QUESTÃO 23 — BACTERIÚRIA ASSINTOMÁTICA POR STREPTOCOCCUS AGALACTIAE NA GESTAÇÃO

🏥 Banca: Prova sem nome | Ano: não informado | Especialidade: Obstetrícia / Infectologia

━━━━━━━━━━━━━━━━━━━━━━━━━━━━━━━━━━━━━━
🎯 GABARITO: Alternativa B
✅ ATUALIZADA
━━━━━━━━━━━━━━━━━━━━━━━━━━━━━━━━━━━━━━

## 📝 COMENTÁRIO GERAL

Esta questão aborda um tema de alta relevância clínica que integra dois conceitos fundamentais da obstetrícia: o **manejo da bacteriúria assintomática (BA) na gestação** e a **prevenção da doença neonatal pelo Streptococcus agalactiae (GBS - Estreptococo do Grupo B)**.

### Conceitos-chave:

**1. Bacteriúria assintomática na gestação:**
- Definida como ≥10⁵ UFC/mL em paciente **sem sintomas urinários**
- Na gestação, SEMPRE deve ser tratada (diferente da população geral)
- Risco de evolução para pielonefrite: 20-40% se não tratada
- Rastreio obrigatório: urocultura no 1º trimestre (ou 1ª consulta)

**2. Streptococcus agalactiae (GBS):**
- Principal agente de sepse neonatal precoce (< 7 dias de vida)
- Coloniza o trato geniturinário de 10-30% das gestantes
- A bacteriúria por GBS em qualquer momento da gestação é considerada **marcador de colonização maciça**

### O ponto crucial da questão:

Segundo as diretrizes do **CDC (2010, reafirmadas em 2019)** e do **ACOG**, adotadas pelo Ministério da Saúde brasileiro:

> **Gestantes com bacteriúria por GBS durante a gestação atual devem receber profilaxia antibiótica intraparto, INDEPENDENTEMENTE do resultado da cultura vaginal/retal de 35-37 semanas.**

A lógica é que a bacteriúria por GBS indica colonização intensa, com alto risco de transmissão vertical, tornando desnecessária (e até redundante) a cultura de rastreio posterior.

---

## 🔍 ANÁLISE DAS ALTERNATIVAS

### ✅ Alternativa B — CORRETA
*""Tratar a bacteriúria e indicar antibioticoprofilaxia intraparto independente de cultura vaginal posterior.""*

**Por que está correta:**
- ✓ Trata a bacteriúria (conduta obrigatória na gestação)
- ✓ Indica profilaxia intraparto sem necessidade de cultura vaginal/retal posterior
- ✓ Alinhada com CDC/ACOG e Ministério da Saúde

A bacteriúria por GBS é uma das **indicações absolutas de profilaxia intraparto**, junto com:
- Filho anterior com doença invasiva por GBS
- Cultura vaginal/retal positiva entre 35-37 semanas
- Status de colonização desconhecido + fatores de risco intraparto

---

### ❌ Alternativa A — INCORRETA
*""Tratar a bacteriúria e repetir urocultura mensalmente até o final da gestação.""*

**Erro:** A conduta de repetir urocultura mensalmente é recomendada para bacteriúria assintomática em geral, mas **não substitui a indicação de profilaxia intraparto** quando o agente é o GBS. A alternativa está incompleta — omite a necessidade de profilaxia no parto, que é o ponto central da questão.

---

### ❌ Alternativa C — INCORRETA
*""Tratar somente se houver sintomas urinários e considerar profilaxia intraparto se cultura vaginal for positiva.""*

**Erro duplo:**
1. **Bacteriúria assintomática na gestação SEMPRE deve ser tratada** — não se espera sintomas
2. A profilaxia intraparto já está indicada pela bacteriúria por GBS, independentemente da cultura vaginal

Esta alternativa seria um erro grave na prática clínica, aumentando risco de pielonefrite materna e sepse neonatal.

---

### ❌ Alternativa D — INCORRETA
*""Não tratar a bacteriúria, pois a triagem para S. agalactiae deve ser feita apenas via cultura vaginal no 3º trimestre.""*

**Erro grave:** Confunde dois conceitos distintos:
- **Rastreio universal de GBS** (cultura vaginal/retal 35-37 sem) → identifica colonização
- **Bacteriúria por GBS** → já é evidência de colonização maciça e DEVE ser tratada

Não tratar bacteriúria na gestação é conduta proscrita, independentemente do agente.

---

### ❌ Alternativa E — INCORRETA
*""Iniciar antibioticoterapia e solicitar cultura vaginal com 35 semanas para decidir sobre profilaxia intraparto.""*

**Erro:** A cultura vaginal com 35 semanas é **desnecessária** quando já houve bacteriúria por GBS. A profilaxia intraparto já está automaticamente indicada, independentemente do resultado dessa cultura.

Esta alternativa representa um ""excesso"" de investigação que não modifica a conduta e pode gerar confusão (ex: cultura negativa após tratamento não exclui necessidade de profilaxia).

---

## 💡 DICA DE PROVA

**Memorize as indicações de profilaxia intraparto para GBS (não precisa de cultura):**

| Indicação | Conduta |
|-----------|---------|
| Bacteriúria por GBS na gestação atual | Profilaxia intraparto |
| Filho anterior com doença invasiva por GBS | Profilaxia intraparto |
| Cultura vaginal/retal positiva 35-37 sem | Profilaxia intraparto |

**Antibiótico de escolha:** Penicilina G cristalina IV (ou Ampicilina)
**Alternativa (alergia sem anafilaxia):** Cefazolina
**Alergia grave:** Clindamicina ou Vancomicina (conforme sensibilidade)

> 🔑 **""Bacteriúria por GBS = colonização pesada = profilaxia intraparto garantida""**"
"1","24","📋 QUESTÃO 24 — TOXOPLASMOSE NA GESTAÇÃO

🏥 Banca: Prova sem nome | Ano: não informado | Especialidade: Obstetrícia / Infectologia

━━━━━━━━━━━━━━━━━━━━━━━━━━━━━━━━━━━━━━
🎯 GABARITO: Alternativa E
✅ ATUALIZADA
━━━━━━━━━━━━━━━━━━━━━━━━━━━━━━━━━━━━━━

## 📝 COMENTÁRIO GERAL

A toxoplasmose congênita é uma das infecções do grupo **STORCH** com maior potencial de dano fetal, especialmente quando a primoinfecção materna ocorre durante a gestação. O cenário apresentado — **IgG e IgM reagentes sem exames prévios** — é um dos mais desafiadores na prática obstétrica, pois não permite determinar se a infecção é recente (risco de transmissão vertical) ou antiga (IgM residual).

### Pontos-chave para o raciocínio:

| Situação sorológica | Interpretação | Conduta |
|---------------------|---------------|---------|
| IgG (-) / IgM (-) | Suscetível | Orientações higiênico-dietéticas + sorologia trimestral |
| IgG (+) / IgM (-) | Infecção antiga (imune) | Pré-natal habitual |
| IgG (-) / IgM (+) | Soroconversão muito recente ou IgM falso-positivo | Repetir em 2-3 semanas |
| **IgG (+) / IgM (+)** | **Infecção de data indeterminada** | **Teste de avidez de IgG** |

O **teste de avidez da IgG** é a ferramenta que permite datar a infecção:
- **Avidez alta (≥60%)** → infecção há mais de 12-16 semanas (provável infecção pré-concepcional)
- **Avidez baixa (<30%)** → infecção recente (últimas 16 semanas) — alto risco de transmissão
- **Avidez intermediária (30-60%)** → inconclusivo

⚠️ **Atenção:** O teste de avidez só tem valor para **excluir infecção recente** se realizado até **16 semanas de gestação**. Após esse período, mesmo infecções recentes podem apresentar avidez alta.

### Conduta enquanto aguarda resultado:
Conforme o **Protocolo do Ministério da Saúde** e a **FEBRASGO**, diante de IgG+/IgM+ com data indeterminada, deve-se:
1. Solicitar **teste de avidez de IgG**
2. **Iniciar espiramicina 1g (3.000.000 UI) 8/8h** imediatamente, sem aguardar resultado

A espiramicina é um macrolídeo que se concentra na placenta e reduz a transmissão vertical em até **60%**, mas **não trata o feto já infectado** (não atravessa bem a barreira placentária).

---

## 🔍 ANÁLISE DAS ALTERNATIVAS

### ✅ Alternativa E — CORRETA
> *""Infecção de data indeterminada: solicitar teste de avidez da IgG e iniciar espiramicina enquanto aguarda resultado.""*

**Perfeita.** Resume a conduta preconizada:
- Reconhece que IgG+/IgM+ sem exames prévios = **data indeterminada**
- Solicita o exame correto para datar a infecção (**avidez de IgG**)
- Inicia **espiramicina profilática** imediatamente — não se espera o resultado para começar o tratamento

A gestante está com **10 semanas**, portanto dentro da janela em que o teste de avidez ainda é útil (até 16 semanas).

---

### ❌ Alternativa A — INCORRETA
> *""Infecção antiga: manter pré-natal habitual e repetir sorologia no terceiro trimestre.""*

**Erro:** Assumir que é infecção antiga sem comprovação. A presença de **IgM reagente** impede essa conclusão — a IgM pode persistir por meses a anos (IgM residual), mas também pode indicar infecção recente. **Não se pode descartar infecção aguda sem teste de avidez.**

Conduta de ""pré-natal habitual"" seria adequada apenas se:
- IgG (+) e IgM (-)
- Ou avidez alta confirmada antes de 16 semanas

---

### ❌ Alternativa B — INCORRETA
> *""Sorologia falsa-positiva: solicitar PCR para toxoplasma no sangue materno e repetir IgM em 2 semanas.""*

**Múltiplos erros:**

1. **PCR no sangue materno não é o exame indicado** — a parasitemia materna é transitória e frequentemente negativa mesmo em infecções recentes. O PCR tem papel na investigação do **líquido amniótico** (após 18 semanas) para confirmar infecção fetal.

2. **Assumir falso-positivo sem investigação** é inadequado. Embora IgM falso-positivo exista (doenças autoimunes, fator reumatoide), a conduta correta é **avidez de IgG**, não repetir IgM.

3. **Não inicia tratamento** — perda de tempo precioso se for infecção recente.

---

### ❌ Alternativa C — INCORRETA
> *""Infecção recente: indicar esquema triplo com sulfadiazina, pirimetamina e ácido folínico por 6 semanas.""*

**Erros:**

1. **Não se pode afirmar que é infecção recente** sem teste de avidez ou documentação de soroconversão.

2. **O esquema tríplice (sulfadiazina + pirimetamina + ácido folínico)** é indicado quando há **comprovação de infecção fetal** (PCR positivo no líquido amniótico ou alterações ultrassonográficas sugestivas). Não é a primeira linha para suspeita materna.

3. **Pirimetamina é contraindicada no 1º trimestre** (teratogênica — antagonista do folato). A paciente está com 10 semanas!

4. O tratamento inicial, mesmo em infecção recente confirmada no 1º trimestre, é **espiramicina isolada**.

---

### ❌ Alternativa D — INCORRETA
> *""Infecção recente: iniciar espiramicina imediatamente e encaminhar para ultrassonografia morfológica precoce.""*

**Parcialmente correta na conduta, mas errada na justificativa:**

- ✓ Iniciar espiramicina está correto
- ✗ **Afirmar que é ""infecção recente""** está errado — ainda não se sabe
- ✗ **Não solicita teste de avidez**, que é fundamental para definir a conduta subsequente
- ✗ A USG morfológica precoce (11-14 semanas) não é o exame de escolha para rastrear toxoplasmose congênita — o ideal é **USG morfológica de 2º trimestre** (20-24 semanas) ou **neurosonografia** para avaliar calcificações, ventriculomegalia, hepatoesplenomegalia

A altern"
"1","25","📋 QUESTÃO 25 — VACINAÇÃO NA GESTANTE (PNI)

🏥 Banca: Prova sem nome | Ano: não informado | Especialidade: Ginecologia e Obstetrícia / Medicina Preventiva

━━━━━━━━━━━━━━━━━━━━━━━━━━━━━━━━━━━━━━
🎯 GABARITO: Alternativa D
✅ ATUALIZADA
━━━━━━━━━━━━━━━━━━━━━━━━━━━━━━━━━━━━━━

## 📝 COMENTÁRIO GERAL

A vacinação durante a gestação é tema recorrente em provas de residência, exigindo conhecimento preciso sobre quais vacinas são **indicadas**, **contraindicadas** ou **permitidas em situações especiais**.

O princípio fundamental é:
- **Vacinas de vírus vivos atenuados → CONTRAINDICADAS** (risco teórico de infecção fetal)
- **Vacinas inativadas, toxoides e subunidades → SEGURAS e muitas vezes INDICADAS**

O calendário vacinal da gestante segundo o **PNI/Ministério da Saúde** inclui como vacinas **rotineiramente recomendadas**:
| Vacina | Indicação na gestação |
|--------|----------------------|
| **dTpa** | A partir de 20 semanas, em **toda gestação** |
| **Hepatite B** | Esquema conforme situação vacinal prévia |
| **Influenza** | Qualquer trimestre, campanha anual |
| **COVID-19** | Qualquer trimestre (atualização recente) |

A estratégia da **dTpa em toda gestação** visa garantir a passagem transplacentária de anticorpos maternos contra **coqueluche**, protegendo o recém-nascido nos primeiros meses de vida — período de maior vulnerabilidade antes de completar o esquema vacinal próprio.

---

## 🔍 ANÁLISE DAS ALTERNATIVAS

### ✅ Alternativa D — CORRETA
> *""A vacina dTpa deve ser aplicada em todas as gestações a partir de 20 semanas, independentemente do intervalo vacinal prévio.""*

**Perfeito.** Esta é a recomendação vigente do PNI:
- **Quando:** a partir de **20 semanas** de gestação (idealmente entre 20-36 semanas)
- **Frequência:** em **TODA gestação**, mesmo que a mulher tenha recebido dTpa em gestação anterior há poucos meses
- **Objetivo:** maximizar a transferência de anticorpos anti-pertussis ao feto, já que os títulos maternos decaem rapidamente

A coqueluche no RN < 6 meses tem alta morbimortalidade, e a vacinação materna é a estratégia mais eficaz de proteção neonatal (estratégia *cocooning* passivo).

---

### ❌ Alternativa A — INCORRETA
> *""A vacina contra hepatite B é contraindicada durante a gestação, devendo ser adiada para o puerpério.""*

**Falso.** A vacina contra hepatite B é **inativada (antígeno HBsAg recombinante)** e, portanto, **segura em qualquer trimestre da gestação**.

- Gestantes **não vacinadas ou com esquema incompleto** devem receber a vacina
- Gestantes **HBsAg positivas** devem ter seus RN imunizados ao nascimento (vacina + imunoglobulina)
- Não há contraindicação obstétrica

---

### ❌ Alternativa B — INCORRETA
> *""A vacina influenza é indicada apenas para gestantes com comorbidades ou em surtos sazonais regionais.""*

**Falso.** A vacina influenza é indicada para **TODAS as gestantes**, em **qualquer idade gestacional**, independentemente de comorbidades.

- Gestantes são grupo de **risco aumentado** para complicações da influenza (pneumonia, hospitalização, óbito)
- A vacina é **inativada** e segura
- Faz parte do **calendário de rotina** da gestante no PNI, não sendo restrita a situações especiais

---

### ❌ Alternativa C — INCORRETA
> *""A vacina contra COVID-19 está atualmente restrita ao terceiro trimestre, por risco teórico de malformações no período embrionário.""*

**Falso.** Atualmente, o PNI recomenda a vacina COVID-19 para gestantes em **qualquer trimestre**, sem restrição ao terceiro trimestre.

- As vacinas utilizadas no Brasil (plataformas de RNA mensageiro e vírus inativado) **não contêm vírus vivo**
- Estudos de farmacovigilância não demonstraram aumento de malformações congênitas
- A restrição inicial ao 2º/3º trimestre foi por **precaução** na fase inicial da campanha, mas foi **revista** com o acúmulo de evidências de segurança

---

### ❌ Alternativa E — INCORRETA
> *""A vacina tríplice viral (sarampo, caxumba e rubéola) deve ser administrada preferencialmente no segundo trimestre, para reduzir o risco de síndrome da rubéola congênita.""*

**Falso — e perigosamente invertido!** A tríplice viral é de **vírus vivos atenuados** e, portanto, **CONTRAINDICADA em toda a gestação**.

- O risco teórico é justamente a infecção fetal pelo vírus vacinal
- A prevenção da síndrome da rubéola congênita deve ser feita **antes da gestação** (vacinação em idade fértil)
- Mulheres que recebem tríplice viral devem aguardar **pelo menos 30 dias** antes de engravidar
- Se administrada inadvertidamente na gestação, **não há indicação de interrupção**, mas a gestante deve ser acompanhada

---

## 💡 DICA DE PROVA

**Vacinas CONTRAINDICADAS na gestação (vírus vivos atenuados):**
> 🚫 **""BRAVA F""**
> - **B**CG
> - **R**ubéola / tríplice viral
> - **A**marela (febre amarela)*
> - **V**aricela
> - **A**tenuadas em geral
> - **F**ebre amarela*
> 
> *Febre amarela: contraindicada, mas pode ser considerada em situações de alto risco epidemiológico — decisão individualizada.

**Vacinas INDICADAS de rotina na gestante:**
> ✅ **""DICA-H""**
> - **D**Tpa (toda gestação, ≥20 sem)
> - **I**nfluenza (anual)
> - **C**OVID-19 (qualquer trimestre)
> - **A**... (lembrar que são inativadas)
> - **H**epatite B (completar esquema)"
"1","26","📋 QUESTÃO 26 — PREDIÇÃO E MANEJO DO PARTO PREMATURO

🏥 Banca: Prova sem nome | Ano: não informado | Especialidade: Obstetrícia

━━━━━━━━━━━━━━━━━━━━━━━━━━━━━━━━━━━━━━
🎯 GABARITO: Alternativa E
✅ ATUALIZADA
━━━━━━━━━━━━━━━━━━━━━━━━━━━━━━━━━━━━━━

## 📝 COMENTÁRIO GERAL

O parto prematuro (antes de 37 semanas) é a principal causa de morbimortalidade neonatal no mundo. O manejo envolve três pilares fundamentais:

1. **Tocólise** — inibir contrações para ganhar tempo (idealmente 48h para corticoterapia)
2. **Corticoterapia antenatal** — acelerar maturidade pulmonar fetal
3. **Neuroproteção fetal** — sulfato de magnésio em < 32 semanas

Quanto aos **tocolíticos**, a escolha deve considerar eficácia, perfil de segurança materno-fetal e contraindicações específicas. Os principais agentes são:

| Tocolítico | Mecanismo | Observações |
|------------|-----------|-------------|
| **Nifedipina** | Bloqueador de canal de cálcio | 1ª escolha no Brasil (FEBRASGO) |
| **Atosiban** | Antagonista de receptor de ocitocina | Excelente perfil de segurança, alto custo |
| **Indometacina** | Inibidor de prostaglandinas | Limitado a < 32 sem (risco de fechamento do ducto arterioso) |
| **Terbutalina** | β2-agonista | Efeitos cardiovasculares importantes |

---

## 🔍 ANÁLISE DAS ALTERNATIVAS

### ✅ Alternativa E — CORRETA
> *""A nifedipina pode ser usada como tocolítico em partos prematuros iminentes, mas está contraindicada na presença de cardiopatia materna.""*

**Correto.** A nifedipina é um bloqueador de canal de cálcio com efeitos vasodilatadores e inotrópicos negativos. Suas contraindicações incluem:
- **Cardiopatia materna** (especialmente estenose aórtica, cardiomiopatia hipertrófica)
- Hipotensão arterial
- Uso concomitante de sulfato de magnésio (risco de hipotensão grave e bloqueio neuromuscular)

A FEBRASGO e o Ministério da Saúde consideram a nifedipina como **primeira escolha** para tocólise no Brasil, pelo bom perfil de segurança e baixo custo — desde que respeitadas as contraindicações.

---

### ❌ Alternativa A — INCORRETA
> *""A terbutalina é o tocolítico preferencial no Brasil, devido ao menor risco de efeitos adversos cardiovasculares maternos.""*

**Dois erros:**
1. A terbutalina (β2-agonista) **NÃO é a primeira escolha** no Brasil — a nifedipina é preferida
2. Os β2-agonistas têm **MAIOR risco cardiovascular**, não menor:
   - Taquicardia materna
   - Hipotensão
   - Edema agudo de pulmão
   - Arritmias
   - Isquemia miocárdica

O FDA inclusive emitiu alerta contra uso de terbutalina injetável por mais de 48-72h devido a mortes maternas.

---

### ❌ Alternativa B — INCORRETA
> *""A corticoterapia antenatal está indicada de forma rotineira entre 24 e 34 semanas, com dexametasona semanal até o parto.""*

**Erro no esquema posológico.** A corticoterapia antenatal:

✓ **Indicação correta:** 24-34 semanas (algumas diretrizes estendem até 36+6 em casos selecionados)

✗ **Esquema ERRADO:** Não é ""semanal até o parto""

**Esquema correto (FEBRASGO/MS):**
- **Betametasona:** 12 mg IM, 2 doses com intervalo de 24h, OU
- **Dexametasona:** 6 mg IM, 4 doses com intervalo de 12h

→ **Ciclo ÚNICO** (curso de resgate pode ser considerado em situações específicas, mas não rotineiramente)

Ciclos repetidos semanais estão associados a restrição de crescimento fetal e redução do perímetro cefálico.

---

### ❌ Alternativa C — INCORRETA
> *""O uso de cerclagem cervical está indicado em toda gestante com colo uterino <25 mm, independentemente de história obstétrica.""*

**Erro grave.** A cerclagem **NÃO está indicada para todas** as gestantes com colo curto. As indicações são específicas:

| Tipo de Cerclagem | Indicação |
|-------------------|-----------|
| **História-indicada** | ≥3 perdas no 2º trimestre ou partos prematuros espontâneos prévios |
| **Ultrassom-indicada** | Colo < 25 mm em gestante com **história prévia** de parto prematuro espontâneo |
| **Exame físico-indicada (resgate)** | Dilatação cervical assintomática no 2º trimestre |

➤ **Gestante com colo curto SEM história obstétrica de risco:** a conduta é **progesterona vaginal**, não cerclagem.

---

### ❌ Alternativa D — INCORRETA
> *""O atosiban é um inibidor da fosfodiesterase utilizado como primeira escolha para tocolise em casos de contrações com dilatação <2 cm.""*

**Erro no mecanismo de ação.** 

- Atosiban é **ANTAGONISTA DO RECEPTOR DE OCITOCINA**, não inibidor de fosfodiesterase
- Inibidores de fosfodiesterase (ex: sildenafil, milrinona) não são usados como tocolíticos

O atosiban tem excelente perfil de segurança (poucos efeitos colaterais maternos), mas seu **alto custo** limita o uso como primeira linha no SUS. É opção quando há contraindicação à nifedipina.

---

## 💡 DICA DE PROVA

**""Nifedipina + Magnésio = NÃO!""**
→ A associação de nifedipina com sulfato de magnésio é contraindicada pelo risco de hipotensão grave e depressão neuromuscular. Questão frequente em provas!

**Lembre-se da ""regra dos 2"":**
- Betametasona: **2** doses de **12** mg (12+12=24)
- Dexametasona: **4** doses de **6** mg (6×4=24)
- Intervalo: **24h** (betametasona) ou **12h** (dexametasona)"
"1","27","📋 QUESTÃO 27 — INDUÇÃO DO PARTO E PREPARO CERVICAL

🏥 Banca: Prova sem nome | Ano: não informado | Especialidade: Obstetrícia

━━━━━━━━━━━━━━━━━━━━━━━━━━━━━━━━━━━━━━
🎯 GABARITO: Alternativa A
✅ ATUALIZADA
━━━━━━━━━━━━━━━━━━━━━━━━━━━━━━━━━━━━━━

## 📝 COMENTÁRIO GERAL

Esta questão aborda um cenário clássico de **indicação de indução do parto** em gestação a termo com **oligoâmnio** e a escolha do método adequado de preparo cervical.

### Análise do Caso:
| Parâmetro | Dado | Interpretação |
|-----------|------|---------------|
| IG | 40s3d | Termo, já além da DPP |
| Queixa | ↓ movimentação fetal 12h | Sinal de alerta para bem-estar fetal |
| BCF | 140 bpm | Normal (110-160 bpm) |
| ILA | 4,5 cm | **Oligoâmnio** (ILA < 5 cm) |
| Doppler | Normal | Sem centralização/sofrimento crônico |

### Avaliação Cervical (Índice de Bishop):

| Componente | Achado | Pontuação |
|------------|--------|-----------|
| Dilatação | 1 cm | 1 ponto |
| Apagamento | 20% | 0 pontos |
| Consistência | Firme | 0 pontos |
| Posição | Posterior | 0 pontos |
| Altura | -2 | 1 ponto |
| **TOTAL** | — | **≈ 2 pontos** |

> **Bishop < 6 = colo desfavorável → necessita PREPARO CERVICAL antes da indução**

### Conceitos-Chave:

**1. Indicação de Interrupção:**
O oligoâmnio isolado em gestação ≥ 37 semanas é indicação de resolução da gestação, pois está associado a maior risco de:
- Compressão de cordão
- Sofrimento fetal intraparto
- Mecônio espesso

**2. Via de Parto:**
Oligoâmnio **NÃO é indicação absoluta de cesariana**. A via de parto depende das condições obstétricas e do bem-estar fetal.

**3. Métodos de Preparo Cervical:**

| Método | Mecanismo | Contraindicação absoluta |
|--------|-----------|-------------------------|
| **Misoprostol** | Prostaglandina E1 → amadurecimento cervical + contrações | Cicatriz uterina prévia |
| **Sonda de Foley** | Mecânico → dilatação + liberação local de prostaglandinas | Placenta prévia |
| **Ocitocina** | Indução direta de contrações (não amadurece colo) | — |

> ⚠️ **Ponto crucial:** Esta paciente é **G2P1** — se o parto anterior foi vaginal, o misoprostol está liberado. A questão não menciona cesariana prévia, assumindo-se parto vaginal anterior.

---

## 🔍 ANÁLISE DAS ALTERNATIVAS

### ✅ Alternativa A — CORRETA
*""A indução está indicada e pode ser iniciada com misoprostol vaginal para preparo cervical.""*

**Por que está correta:**
- ✓ Oligoâmnio a termo = indicação de resolução
- ✓ Bishop desfavorável (≈2) = necessita preparo cervical
- ✓ Sem menção de cicatriz uterina = misoprostol permitido
- ✓ Feto vivo, sem sofrimento agudo = permite tentativa de parto vaginal

O **misoprostol 25 mcg via vaginal** a cada 6 horas (máximo 8 doses) é o método farmacológico de escolha para amadurecimento cervical em pacientes sem cicatriz uterina, conforme diretrizes da FEBRASGO e OMS.

---

### ❌ Alternativa B — INCORRETA
*""A cesariana deve ser indicada de imediato devido à oligohidrâmnio e idade gestacional.""*

**Erro:** Oligoâmnio **não é indicação absoluta de cesariana**. 

A via de parto deve ser individualizada:
- Doppler normal → sem sofrimento fetal crônico
- BCF normal → sem sofrimento agudo
- Apresentação cefálica → favorável ao parto vaginal

A cesariana estaria indicada se houvesse:
- Sofrimento fetal agudo (bradicardia, DIP II)
- Doppler com diástole zero/reversa
- Contraindicação à indução

---

### ❌ Alternativa C — INCORRETA
*""A presença de colo desfavorável impede qualquer tentativa de indução, mesmo com métodos mecânicos.""*

**Erro conceitual grave:** O colo desfavorável é justamente a indicação para **preparo cervical**, não uma contraindicação à indução.

Métodos disponíveis para colo desfavorável:
- Misoprostol (farmacológico)
- Sonda de Foley transcervical (mecânico)
- Dinoprostone (prostaglandina E2)

O colo desfavorável apenas contraindica o uso de **ocitocina isolada** como método inicial, pois esta não amadurece o colo.

---

### ❌ Alternativa D — INCORRETA
*""A indução está contraindicada devido ao colo desfavorável e à ausência de sofrimento fetal agudo.""*

**Dois erros:**

1. **Colo desfavorável não contraindica indução** — apenas indica necessidade de preparo cervical prévio

2. **A ausência de sofrimento fetal agudo é FAVORÁVEL à indução**, não uma contraindicação. Permite condução mais tranquila do trabalho de parto.

> A indução seria contraindicada em situações como: placenta prévia total, vasa prévia, apresentação córmica, prolapso de cordão, herpes genital ativo, cicatriz uterina corporal.

---

### ❌ Alternativa E — INCORRETA
*""A conduta inicial deve ser repor volume com hidratação venosa e repetir a cardiotocografia após 12 horas.""*

**Erros:**

1. **Hidratação venosa para oligoâmnio:** Embora a hidratação materna possa aumentar transitoriamente o ILA em alguns casos, **não é conduta padrão** para oligoâmnio a termo com indicação de resolução.

2. **Postergar 12 horas:** Em gestação a termo com oligoâmnio, a conduta é **resolução** e não observação prolongada. O atraso aumenta riscos de:
   - Compressão funicular
   - Sofrimento fetal
   - Aspiração meconial

3. **CTG já foi avaliada indiretamente:** BCF normal e Doppler normal indicam bem-estar fetal atual. A conduta é prosseguir com a indução, não aguardar.

---

## 💡 DICA DE PROVA

> **""Misoprostol é PROIBIDO se tem CICATRIZ""**
> 
> Sempre que a questão mencionar **G2P1 ou multípara**, procure no enunciado se"
"1","28","📋 QUESTÃO 28 — HEMORRAGIA PÓS-PARTO (HPP)

🏥 Banca: Prova sem nome | Ano: não informado | Especialidade: Obstetrícia

━━━━━━━━━━━━━━━━━━━━━━━━━━━━━━━━━━━━━━
🎯 GABARITO: Alternativa E
✅ ATUALIZADA
━━━━━━━━━━━━━━━━━━━━━━━━━━━━━━━━━━━━━━

## 📝 COMENTÁRIO GERAL

A questão aborda a **Hemorragia Pós-Parto (HPP)**, uma das principais causas de mortalidade materna no mundo e no Brasil. Define-se HPP como perda sanguínea ≥500 mL após parto vaginal ou ≥1.000 mL após cesariana, ou qualquer perda que cause instabilidade hemodinâmica.

O caso apresenta uma paciente com **HPP grave** (perda de 900 mL + sinais de choque classe II: taquicardia, hipotensão, palidez, sudorese). O exame físico é clássico para **atonia uterina**: útero flácido, acima da cicatriz umbilical, com placenta íntegra e sem lacerações visíveis.

A abordagem da HPP segue o princípio do **manejo simultâneo e sistemático**, conforme preconizado pela OMS, FIGO e Ministério da Saúde:

1. **Identificar a causa** → Mnemônico dos ""4 Ts""
2. **Ressuscitação volêmica agressiva** → Acesso calibroso + cristaloides aquecidos
3. **Uterotônicos** → Ocitocina é primeira linha
4. **Ácido tranexâmico** → Deve ser administrado nas primeiras 3 horas
5. **Manobras mecânicas** → Massagem uterina bimanual

O manejo **NUNCA** deve ser sequencial aguardando exames — é uma emergência que exige ações paralelas.

---

## 🔍 ANÁLISE DAS ALTERNATIVAS

### ✅ Alternativa E — CORRETA
> *""Realizar avaliação clínica para identificar a causa da hemorragia, iniciar massagem uterina, monitorização, acesso venoso calibroso, soro aquecido, ácido tranexâmico e ocitocina EV.""*

Esta alternativa contempla **todos os pilares do manejo inicial da HPP**:

| Ação | Justificativa |
|------|---------------|
| Avaliação clínica (4 Ts) | Identificar etiologia para tratamento direcionado |
| Massagem uterina | Primeira manobra mecânica na atonia |
| Monitorização | Avaliar resposta e progressão do choque |
| Acesso venoso calibroso | Permitir reposição volêmica agressiva |
| Soro aquecido | Prevenir hipotermia (tríade letal: hipotermia + acidose + coagulopatia) |
| Ácido tranexâmico | Recomendação OMS/WOMAN Trial — 1g IV nas primeiras 3h |
| Ocitocina EV | Uterotônico de primeira linha |

A conduta está alinhada com as diretrizes da **OMS (2017)**, **FIGO** e **Protocolo do Ministério da Saúde**.

---

### ❌ Alternativa A — INCORRETA
> *""Solicitar exames laboratoriais e coagulograma antes de iniciar qualquer intervenção, para excluir coagulopatia de base.""*

**Erro grave**: aguardar resultados laboratoriais em uma emergência hemorrágica com instabilidade hemodinâmica é **inadmissível**. A paciente está em choque classe II — cada minuto de atraso aumenta mortalidade.

Os exames laboratoriais (hemograma, coagulograma, tipagem sanguínea) devem ser **colhidos simultaneamente** ao início do tratamento, nunca como pré-requisito. Além disso, a coagulopatia na HPP geralmente é **consequência** da hemorragia (consumo de fatores), não causa primária.

---

### ❌ Alternativa B — INCORRETA
> *""Iniciar ácido tranexâmico e misoprostol retal, realizar sondagem vesical e preparar material para revisão uterina manual.""*

Embora contenha elementos corretos (ácido tranexâmico, sondagem vesical para esvaziar bexiga, misoprostol como uterotônico adjuvante), a alternativa **omite ações essenciais**:

- ❌ Não menciona **ocitocina** (primeira linha!)
- ❌ Não menciona **acesso venoso calibroso** e **reposição volêmica**
- ❌ Não menciona **massagem uterina** (primeira manobra na atonia)

O misoprostol é uterotônico de **segunda linha** — a ocitocina deve ser iniciada primeiro. A revisão uterina manual é indicada quando há suspeita de restos placentários, mas a questão informa placenta entregue íntegra.

---

### ❌ Alternativa C — INCORRETA
> *""Administrar ocitocina intravenosa, sem manipulação uterina, e avaliar necessidade de transfusão conforme hemoglobina.""*

Dois erros importantes:

1. **""Sem manipulação uterina""** → A **massagem uterina bimanual** é medida de primeira linha na atonia e deve ser iniciada imediatamente. Não há contraindicação neste caso.

2. **""Avaliar transfusão conforme hemoglobina""** → Em hemorragia aguda, a hemoglobina inicial **não reflete a perda real** (hemodiluição ainda não ocorreu). A decisão de transfundir deve ser baseada em **parâmetros clínicos** (sinais de choque, sangramento ativo) e protocolos de transfusão maciça, não em Hb isolada.

---

### ❌ Alternativa D — INCORRETA
> *""Iniciar taponamento uterino com balão de Bakri, associar misoprostol retal e sulfato de magnésio para prevenção de disfunção endotelial.""*

Múltiplos erros:

1. **Balão de Bakri como medida inicial** → O taponamento intrauterino é medida de **segunda linha**, indicado quando uterotônicos e massagem falham. Não é primeira escolha.

2. **Sulfato de magnésio** → Não tem indicação na HPP. É utilizado para prevenção/tratamento de eclâmpsia e neuroproteção fetal em prematuridade. A menção a ""disfunção endotelial"" não tem respaldo científico neste contexto.

3. **Omite ocitocina** → Novamente, ausência do uterotônico de primeira linha.

---

## 💡 DICA DE PROVA

**Mnemônico dos 4 Ts** — Causas de HPP:

| T | Causa | Frequência |
|---|-------|------------|
| **T**ônus | Atonia uterina | 70% |
| **T**rauma | Lacerações, rotura, inversão | 20% |
| **T**ecido | Restos placentários, acretismo | 9% |
| **T**rombina | Coagulopatias | 1% |"
"1","29","📋 QUESTÃO 29 — PARTO HUMANIZADO

🏥 Banca: Prova sem nome | Ano: não informado | Especialidade: Obstetrícia / Saúde da Mulher

━━━━━━━━━━━━━━━━━━━━━━━━━━━━━━━━━━━━━━
🎯 GABARITO: Alternativa C
✅ ATUALIZADA
━━━━━━━━━━━━━━━━━━━━━━━━━━━━━━━━━━━━━━

## 📝 COMENTÁRIO GERAL

O conceito de **parto humanizado** é um dos pilares da política de atenção obstétrica no Brasil, fundamentado nas recomendações da **OMS (2018)** e nas diretrizes do **Ministério da Saúde**, incluindo a **Rede Cegonha** e as **Diretrizes Nacionais de Assistência ao Parto Normal (2017)**.

Os princípios centrais do parto humanizado incluem:

| Princípio | Significado |
|-----------|-------------|
| **Protagonismo da mulher** | A gestante é o centro das decisões, com autonomia plena (não parcial) |
| **Práticas baseadas em evidências** | Abandono de intervenções desnecessárias (ex: episiotomia de rotina, Kristeller) |
| **Respeito às escolhas** | Inclui posição de parto, acompanhante, métodos de alívio da dor |
| **Ambiente acolhedor** | Pode ser hospitalar, casa de parto ou domiciliar |
| **Aplicabilidade universal** | Vale para parto vaginal E cesariana |

A questão cobra o entendimento de que humanização **não é sinônimo de ausência de intervenção**, mas sim de **intervenção adequada, respeitosa e centrada na mulher**.

---

## 🔍 ANÁLISE DAS ALTERNATIVAS

### ✅ Alternativa C — CORRETA
> *""O respeito às escolhas da gestante inclui direito à posição de parto desejada, desde que não haja contraindicações clínicas.""*

**Perfeita.** A OMS recomenda explicitamente que a mulher deve ter liberdade para escolher a posição de parto (vertical, cócoras, lateral, quatro apoios, etc.), pois evidências mostram benefícios como menor duração do período expulsivo e menor taxa de episiotomia. A ressalva ""desde que não haja contraindicações clínicas"" é adequada — por exemplo, em casos de prolapso de cordão ou sofrimento fetal agudo, a posição pode ser direcionada pela equipe.

---

### ❌ Alternativa A — INCORRETA
> *""O conceito de humanização está vinculado exclusivamente ao parto vaginal, não se aplicando a cesarianas eletivas.""*

**Erro grave.** A humanização se aplica a **qualquer via de parto**. Uma cesariana também pode (e deve) ser humanizada: presença de acompanhante, contato pele a pele imediato, amamentação na primeira hora, comunicação respeitosa, participação da mulher nas decisões. O termo ""exclusivamente"" já sinaliza erro.

---

### ❌ Alternativa B — INCORRETA
> *""O protagonismo da mulher implica autonomia parcial nas decisões, desde que autorizadas pela equipe médica.""*

**Inversão do conceito.** O protagonismo significa **autonomia plena**, não parcial. A equipe de saúde tem papel de **orientar e informar**, mas a decisão final — desde que a mulher esteja consciente e informada — é dela. A expressão ""desde que autorizadas pela equipe médica"" coloca o profissional como detentor do poder decisório, o que contradiz frontalmente o conceito de humanização.

---

### ❌ Alternativa D — INCORRETA
> *""O parto humanizado restringe o uso de métodos farmacológicos para analgesia, priorizando o estímulo à dor fisiológica.""*

**Conceito equivocado.** Humanização **não é sinônimo de parto sem analgesia**. A mulher tem direito a métodos não farmacológicos (bola, banho, massagem, deambulação) **E** farmacológicos (analgesia peridural, raquianestesia) conforme sua escolha. Negar analgesia a quem deseja é, na verdade, uma forma de **violência obstétrica**. A expressão ""estímulo à dor fisiológica"" não tem respaldo em nenhuma diretriz.

---

### ❌ Alternativa E — INCORRETA
> *""O parto humanizado pressupõe baixo risco obstétrico e está limitado ao ambiente domiciliar com equipe de parteiras treinadas.""*

**Duplamente errada:**
1. **Não se limita a baixo risco** — gestações de alto risco também merecem assistência humanizada (respeito, informação, participação nas decisões).
2. **Não se limita ao ambiente domiciliar** — pode ocorrer em hospitais, maternidades, casas de parto ou domicílio. O local não define a humanização; as **práticas e atitudes** é que definem.

---

## 💡 DICA DE PROVA

> **""Humanização = Protagonismo + Evidência + Respeito""**
> 
> Sempre que a alternativa trouxer termos como *""exclusivamente""*, *""restrito a""*, *""parcial""* ou *""limitado a""* em questões sobre parto humanizado, desconfie — o conceito é **amplo e inclusivo**."
"1","30","📋 QUESTÃO 30 — MASTITE PUERPERAL

🏥 Banca: Prova sem nome | Ano: não informado | Especialidade: Ginecologia e Obstetrícia (Mastologia/Aleitamento Materno)

━━━━━━━━━━━━━━━━━━━━━━━━━━━━━━━━━━━━━━
🎯 GABARITO: Alternativa A
✅ ATUALIZADA
━━━━━━━━━━━━━━━━━━━━━━━━━━━━━━━━━━━━━━

## 📝 COMENTÁRIO GERAL

O caso apresenta uma puérpera de 5 dias com o quadro clássico de **mastite puerperal infecciosa**: dor localizada, sinais flogísticos (calor, rubor, endurecimento), febre alta (38,5°C) e calafrios. A ausência de flutuação é o dado-chave que **afasta abscesso mamário** neste momento.

### Fisiopatologia da Mastite Puerperal

A mastite lactacional ocorre tipicamente nas **primeiras 2-4 semanas pós-parto** e resulta de:

```
ESTASE LÁCTEA → FISSURAS MAMILARES → PORTA DE ENTRADA → INFECÇÃO
     ↓                    ↓                              ↓
Ingurgitamento    Pega inadequada              Staphylococcus aureus
                                                    (principal)
```

O **S. aureus** é responsável por 50-70% dos casos, seguido por Streptococcus e, menos frequentemente, gram-negativos.

### Diferenciação Clínica Fundamental

| Característica | Ingurgitamento | Mastite | Abscesso |
|----------------|----------------|---------|----------|
| **Localização** | Bilateral, difuso | Unilateral, segmentar | Localizado |
| **Febre** | Baixa ou ausente | Alta (>38°C) | Alta, persistente |
| **Flutuação** | Ausente | Ausente | **Presente** |
| **Sinais sistêmicos** | Leves | Moderados/intensos | Intensos |

---

## 🔍 ANÁLISE DAS ALTERNATIVAS

### ✅ Alternativa A — CORRETA
> *""O diagnóstico é mastite puerperal; o aleitamento deve ser mantido e está indicado uso de antibiótico por via oral.""*

**Perfeita!** A conduta está alinhada com as recomendações da OMS e do Ministério da Saúde:

1. **Manter o aleitamento materno** — O esvaziamento frequente da mama é TERAPÊUTICO e reduz risco de evolução para abscesso
2. **Antibioticoterapia oral** — Indicada quando há:
   - Febre >38°C
   - Sintomas sistêmicos (calafrios)
   - Fissura mamilar visível
   - Ausência de melhora em 12-24h com medidas conservadoras

**Esquemas antibióticos de escolha:**
- **Cefalexina 500mg 6/6h** por 10-14 dias
- **Amoxicilina-clavulanato 500/125mg 8/8h**
- Alérgicos a penicilina: **Clindamicina 300mg 6/6h**

---

### ❌ Alternativa B — INCORRETA
> *""O diagnóstico mais provável é abscesso mamário; a conduta é drenagem cirúrgica e antibioticoterapia endovenosa.""*

**Erro: ausência do achado cardinal do abscesso — a FLUTUAÇÃO.**

O enunciado explicita: *""sem flutuação""*. O abscesso mamário representa a **complicação** da mastite não tratada ou refratária, caracterizando-se por:
- Massa flutuante e dolorosa
- Febre persistente apesar de ATB
- Pode necessitar de USG para confirmação em casos duvidosos

A drenagem (cirúrgica ou por punção guiada por USG) só está indicada quando há coleção purulenta confirmada.

---

### ❌ Alternativa C — INCORRETA
> *""A suspeita de ducto lactífero obstruído é mais provável, sendo suficiente orientar compressas frias e repouso mamário.""*

**Múltiplos erros:**

1. **Diagnóstico errado** — O ducto obstruído (galactoforite) apresenta:
   - Nódulo doloroso localizado
   - **SEM febre alta ou sinais sistêmicos**
   - Pode haver ponto branco no mamilo (bolha de leite)

2. **Conduta errada** — Compressas devem ser **MORNAS/QUENTES** (não frias!) para facilitar drenagem do leite

3. **""Repouso mamário"" é contraindicado** — O esvaziamento frequente é fundamental no tratamento

---

### ❌ Alternativa D — INCORRETA
> *""O quadro é compatível com mastite puerperal; deve-se suspender o aleitamento na mama acometida até completa resolução.""*

**Diagnóstico correto, conduta ERRADA.**

⚠️ **NUNCA suspender o aleitamento na mastite!**

Razões para manter a amamentação:
- O leite materno **não está contaminado** de forma a prejudicar o RN
- A estase láctea **piora** o quadro e favorece formação de abscesso
- A sucção do bebê é o método mais eficiente de esvaziamento

> **Única exceção para suspensão temporária:** abscesso com drenagem purulenta pelo mamilo (mesmo assim, mantém-se a mama contralateral).

---

### ❌ Alternativa E — INCORRETA
> *""Trata-se de ingurgitamento mamário complicado; a conduta inclui analgesia e esvaziamento manual com bomba elétrica.""*

**Diagnóstico errado.**

O ingurgitamento mamário:
- É tipicamente **BILATERAL**
- Ocorre entre o 3º-5º dia (apojadura)
- Causa desconforto difuso, não segmentar
- **Febre é baixa (<38°C) ou ausente**
- Não cursa com calafrios ou sinais sistêmicos intensos

O caso apresenta quadro **UNILATERAL, LOCALIZADO, com FEBRE ALTA e CALAFRIOS** — isso é MASTITE, não ingurgitamento.

Além disso, a conduta proposta (apenas analgesia + esvaziamento) seria insuficiente mesmo para ingurgitamento com esses sinais sistêmicos.

---

## 💡 DICA DE PROVA

**""MASTITE = MANTER A MAMA TRABALHANDO""**

Grave esta regra de ouro: na mastite puerperal, o aleitamento **NUNCA** deve ser suspenso. As bancas adoram colocar alternativas sugerindo suspensão — é pegadinha clássica!

**Indicações de antibiótico na mastite (qualquer um dos critérios):**
- Febre ≥38°C
- Sintomas sistêmicos
- Fissura mamilar
- Sem melhora em 12-24h com medidas conservadoras"
"1","31","📋 QUESTÃO 31 — DOENÇA TROFOBLÁSTICA GESTACIONAL

🏥 Banca: Prova sem nome | Ano: não informado | Especialidade: Ginecologia e Obstetrícia

━━━━━━━━━━━━━━━━━━━━━━━━━━━━━━━━━━━━━━
🎯 GABARITO: Alternativa D
✅ ATUALIZADA
━━━━━━━━━━━━━━━━━━━━━━━━━━━━━━━━━━━━━━

## 📝 COMENTÁRIO GERAL

A questão aborda a **Doença Trofoblástica Gestacional (DTG)**, especificamente a diferenciação entre as formas de mola hidatiforme e outras entidades do espectro trofoblástico.

O caso apresenta uma tríade clássica altamente sugestiva:
1. **β-hCG extremamente elevado** (278.000 UI/L) — valores > 100.000 UI/L são característicos de mola completa
2. **Cistos tecaluteínicos bilaterais volumosos** (8 cm) — resultam da hiperestimulação ovariana pelo β-hCG elevado
3. **Útero volumoso** para a idade gestacional

O diagnóstico definitivo é **anatomopatológico**, e a questão fornece os achados histológicos patognomônicos da **mola hidatiforme completa**:
- ✓ **Hidropsia vilosa DIFUSA** (edema generalizado das vilosidades)
- ✓ **Hiperplasia trofoblástica DIFUSA**
- ✓ **AUSÊNCIA de tecido fetal/embrionário**

A mola completa resulta da fecundação de um óvulo ""vazio"" (sem material genético materno funcional), sendo o cariótipo mais comum **46,XX** (diploidia de origem exclusivamente paterna — androgenética).

---

## 🔍 ANÁLISE DAS ALTERNATIVAS

### ✅ Alternativa D — MOLA HIDATIFORME COMPLETA — CORRETA

Todos os critérios clínicos e histopatológicos apontam para esta entidade:

| Característica | Mola Completa | Caso Clínico |
|----------------|---------------|--------------|
| β-hCG | Muito elevado (>100.000) | 278.000 ✓ |
| Cistos tecaluteínicos | Frequentes e volumosos | 8 cm bilaterais ✓ |
| Hidropsia vilosa | **Difusa** | Difusa ✓ |
| Hiperplasia trofoblástica | **Difusa** | Difusa ✓ |
| Tecido fetal | **Ausente** | Ausente ✓ |

---

### ❌ Alternativa A — MOLA INVASORA — INCORRETA

A mola invasora (ou mola invasiva) é uma forma de **neoplasia trofoblástica gestacional (NTG)** que se caracteriza por:
- Invasão do miométrio por vilosidades hidrópicas
- Pode ocorrer perfuração uterina e disseminação à distância
- É um diagnóstico **pós-esvaziamento**, quando há persistência de β-hCG elevado ou em platô

No caso, o anatomopatológico descreve apenas hidropsia e hiperplasia **sem menção a invasão miometrial**, descartando esta hipótese.

---

### ❌ Alternativa B — ABORTO HIDRÓPICO — INCORRETA

O aborto hidrópico (degeneração hidrópica) é uma condição **benigna e não neoplásica** que pode mimetizar mola ao ultrassom, mas apresenta:
- Hidropsia vilosa **focal/parcial** (não difusa)
- **Ausência** de hiperplasia trofoblástica
- β-hCG em níveis compatíveis com gestação normal ou abortamento
- Presença de tecido fetal (mesmo que inviável)

O caso apresenta hidropsia **difusa** + hiperplasia trofoblástica **difusa** + β-hCG muito elevado, incompatíveis com aborto hidrópico.

---

### ❌ Alternativa C — MOLA HIDATIFORME PARCIAL — INCORRETA

A mola parcial difere fundamentalmente da completa:

| Característica | Mola Parcial | Mola Completa (caso) |
|----------------|--------------|----------------------|
| Cariótipo | Triploidia (69,XXX/XXY) | Diploidia androgenética |
| Hidropsia | **Focal** | **Difusa** ✓ |
| Hiperplasia | **Focal** | **Difusa** ✓ |
| Tecido fetal | **Presente** | **Ausente** ✓ |
| β-hCG | Moderadamente elevado | Muito elevado ✓ |
| Cistos tecaluteínicos | Raros | Frequentes ✓ |

A **ausência de tecido fetal** e os achados **difusos** excluem mola parcial.

---

### ❌ Alternativa E — CORIOCARCINOMA GESTACIONAL — INCORRETA

O coriocarcinoma é a forma **mais maligna** de NTG, caracterizado por:
- Histologia: massas de citotrofoblasto e sinciciotrofoblasto **SEM vilosidades coriônicas**
- Alta capacidade de invasão vascular e metástases (pulmão, vagina, cérebro, fígado)
- Pode surgir após mola, aborto, gestação ectópica ou gestação normal

O anatomopatológico do caso descreve **vilosidades hidrópicas**, o que **exclui coriocarcinoma** (que não possui estrutura vilositária).

---

## 💡 DICA DE PROVA

**Palavras-chave para diferenciar MOLA COMPLETA × PARCIAL:**

| COMPLETA | PARCIAL |
|----------|---------|
| **""Difusa""** | **""Focal""** |
| **""Ausência de feto""** | **""Presença de feto""** |
| β-hCG > 100.000 | β-hCG moderado |
| Cistos tecaluteínicos grandes | Cistos raros/ausentes |
| 46,XX (diploide) | 69,XXX (triploide) |

> 🧠 **Macete:** ""Mola **C**ompleta = **C**ariótipo diploide, **C**istos grandes, β-h**C**G muito alto, feto **C**ompletamente ausente"""
"1","32","📋 QUESTÃO 32 — INFECÇÃO PUERPERAL (ENDOMETRITE PÓS-PARTO)

🏥 Banca: Prova sem nome | Ano: não informado | Especialidade: Obstetrícia

━━━━━━━━━━━━━━━━━━━━━━━━━━━━━━━━━━━━━━
🎯 GABARITO: Alternativa E
✅ ATUALIZADA
━━━━━━━━━━━━━━━━━━━━━━━━━━━━━━━━━━━━━━

## 📝 COMENTÁRIO GERAL

A **infecção puerperal** (endometrite pós-parto) é uma das principais causas de morbidade materna e compõe os ""5 Ts"" da hemorragia/complicações puerperais. O caso apresenta uma paciente com **múltiplos fatores de risco clássicos**:

| Fator de Risco | Presente no Caso |
|----------------|------------------|
| Cesariana | ✓ (↑ risco 5-20x vs. parto vaginal) |
| Rotura prolongada de membranas (>18h) | ✓ (29 horas!) |
| Trabalho de parto prolongado | ✓ (distócia de progressão) |

A **fisiopatologia** envolve ascensão de bactérias da flora vaginal/cervical para a cavidade uterina, facilitada pela ferida operatória e pela perda da barreira das membranas. Os agentes são tipicamente **polimicrobianos** (anaeróbios, Gram-negativos, estreptococos).

### Critérios Diagnósticos Clássicos:
- **Febre ≥38°C** em duas aferições com intervalo de 4-6h (excluindo primeiras 24h) OU **≥38,5°C** em aferição única
- **Útero doloroso, amolecido (pastoso) e hipoinvoluído**
- **Taquicardia** (resposta sistêmica à infecção)
- Lóquios fétidos/purulentos (nem sempre presentes)

---

## 🔍 ANÁLISE DAS ALTERNATIVAS

### ✅ Alternativa E — CORRETA
> *""Temperatura 38,9ºC, taquicardia, útero doloroso, pastoso e hipoinvoluído.""*

**Apresenta a tríade clássica completa:**
- **Febre significativa (38,9°C)** → critério cardinal, inequívoco
- **Taquicardia** → resposta inflamatória sistêmica
- **Útero doloroso, pastoso e hipoinvoluído** → achado patognomônico de endometrite; o útero não involui adequadamente devido ao processo infeccioso/inflamatório miometrial

Esta é a apresentação mais típica e completa cobrada em provas.

---

### ❌ Alternativa A — INCORRETA
> *""Temperatura 38ºC, calafrio, dor abdominal e loquiação escassa.""*

**Problemas:**
- Temperatura de 38°C isolada nas primeiras 24h pode ser **fisiológica** (apojadura, reabsorção de hematomas)
- **Loquiação escassa** não é achado típico de endometrite — na verdade, pode ocorrer loquiação **fétida ou purulenta**, não necessariamente escassa
- **Ausência do achado uterino característico** (útero doloroso/hipoinvoluído)

---

### ❌ Alternativa B — INCORRETA
> *""Dor abdominal moderada, tremores, útero doloroso e hipoinvoluído.""*

**Problema principal:**
- **Ausência de febre documentada** — critério fundamental para o diagnóstico
- Tremores isolados são inespecíficos
- Embora tenha achados uterinos sugestivos, sem febre não fecha o diagnóstico clínico clássico

---

### ❌ Alternativa C — INCORRETA
> *""Temperatura 37,9ºC, dor abdominal, taquicardia, tremores e calafrio.""*

**Problemas:**
- **37,9°C é subfebril** — não atinge o critério de febre (≥38°C)
- **Ausência de achados uterinos** (útero doloroso, pastoso, hipoinvoluído)
- Quadro inespecífico que poderia representar diversas condições

---

### ❌ Alternativa D — INCORRETA
> *""Taquicardia, taquipneia, dor abdominal e lóquios abundantes e inodoros.""*

**Problemas:**
- **Ausência de febre** — critério essencial
- **Lóquios abundantes e INODOROS** — na endometrite, esperamos lóquios **fétidos/purulentos**, não inodoros
- **Ausência de achados uterinos característicos**
- Taquicardia + taquipneia isoladas são inespecíficas (poderiam sugerir TEP, por exemplo)

---

## 💡 DICA DE PROVA

> **""Febre + Útero TDP (Tríade Doloroso-Pastoso) = Endometrite""**

Sempre que a questão trouxer puérpera com:
1. ✓ Febre ≥38°C (especialmente ≥38,5°C)
2. ✓ Útero subinvoluído/hipoinvoluído
3. ✓ Útero doloroso e amolecido à palpação

→ **Diagnóstico = Endometrite pós-parto**

**Fatores de risco para memorizar (os ""4 Cs + RPM""):**
- **C**esariana
- **C**orioamnionite
- **C**ervicais (múltiplos toques)
- **C**rônicas (anemia, diabetes, desnutrição)
- **RPM** prolongada (>18h)"
"1","33","📋 QUESTÃO 33 — TERAPIA HORMONAL NA PERIMENOPAUSA EM USUÁRIA DE DIU-LNG

🏥 Banca: Prova sem nome | Ano: não informado | Especialidade: Ginecologia / Climatério

━━━━━━━━━━━━━━━━━━━━━━━━━━━━━━━━━━━━━━
🎯 GABARITO: Alternativa D
✅ ATUALIZADA
━━━━━━━━━━━━━━━━━━━━━━━━━━━━━━━━━━━━━━

## 📝 COMENTÁRIO GERAL

Esta questão aborda um cenário clínico cada vez mais frequente: **mulher na transição menopáusica, já em uso de DIU hormonal, que desenvolve sintomas climatéricos intensos**. O raciocínio exige conhecimento sobre:

1. **Fisiologia do climatério**: Os sintomas vasomotores (fogachos), alterações do sono e irritabilidade decorrem do **hipoestrogenismo progressivo** característico da perimenopausa.

2. **Mecanismo do DIU-LNG**: O DIU de levonorgestrel 52 mg (Mirena®) libera progestagênio localmente no endométrio, promovendo **proteção endometrial adequada** contra hiperplasia. Entretanto, **não fornece estrogênio sistêmico** — portanto, não trata sintomas vasomotores.

3. **Princípio da TH combinada**: Em mulheres com útero, a terapia hormonal (TH) para sintomas climatéricos exige **estrogênio + progestagênio** para evitar hiperplasia/câncer endometrial. Quando a paciente já usa DIU-LNG, o componente progestogênico **já está garantido** — basta adicionar estrogênio isolado.

4. **Via de administração**: A via **transdérmica** (gel, adesivo) é preferível em diversas situações por evitar a primeira passagem hepática, reduzindo risco de eventos tromboembólicos e sendo especialmente indicada em pacientes com risco cardiovascular, hipertrigliceridemia ou preferência da paciente. Para mulheres sem contraindicações, ambas as vias são aceitáveis, mas a tendência atual favorece a via transdérmica.

**Referência**: Consenso Brasileiro de Terapêutica Hormonal da Menopausa (SOBRAC/FEBRASGO, 2018) e Posicionamento da IMS (International Menopause Society, 2016/atualizado).

---

## 🔍 ANÁLISE DAS ALTERNATIVAS

### ✅ Alternativa D — CORRETA
**""Manter DIU-LNG e iniciar estradiol 0,5 mg/dose, gel transdérmico, contínuo.""**

Esta é a conduta **ideal** pelos seguintes motivos:

| Aspecto | Justificativa |
|---------|---------------|
| **Manter o DIU-LNG** | Fornece proteção endometrial adequada (progestagênio local), dispensando progestagênio sistêmico adicional |
| **Estradiol transdérmico** | Trata os sintomas vasomotores; via transdérmica tem perfil de segurança favorável |
| **Dose de 0,5 mg** | Considerada dose baixa, adequada para início de TH |
| **Uso contínuo** | Esquema padrão na perimenopausa tardia/pós-menopausa |

O DIU-LNG 52 mg está aprovado como componente progestogênico da TH por diversas sociedades médicas, incluindo FEBRASGO e IMS.

---

### ❌ Alternativa A — INCORRETA
**""Remover DIU-LNG e iniciar estradiol 0,5 mg, oral, contínuo.""**

**Erro crítico**: Estrogênio isolado em mulher **com útero** → risco de hiperplasia e câncer endometrial.

Remover o DIU elimina a proteção endometrial. Se fosse para usar estrogênio oral isolado, seria necessário associar um progestagênio sistêmico. Além disso, não há motivo para remover um dispositivo que está funcionando bem e ainda tem vida útil (DIU-LNG 52 mg dura até 8 anos para contracepção e 5 anos para proteção endometrial na TH, segundo orientações mais recentes).

---

### ❌ Alternativa B — INCORRETA
**""Manter DIU-LNG e iniciar testosterona 2 mg, gel transdérmico, contínuo.""**

**Erro conceitual**: Testosterona **não trata sintomas vasomotores**.

A testosterona pode ser considerada como terapia adjuvante em mulheres na pós-menopausa com **disfunção sexual hipoativa** (diminuição do desejo) que não responderam à TH estrogênica adequada. Não é primeira linha e não tem indicação para fogachos, alteração do sono ou irritabilidade relacionados ao hipoestrogenismo.

Além disso, a dose de 2 mg/dia está acima das doses habitualmente recomendadas para mulheres (300-500 mcg/dia).

---

### ❌ Alternativa C — INCORRETA
**""Manter DIU-LNG e iniciar acetato de noretisterona 35 mcg, oral, contínua.""**

**Erro conceitual**: Adicionar **mais progestagênio** não resolve o problema.

- A paciente já tem progestagênio suficiente (DIU-LNG)
- O déficit é de **estrogênio**, não de progesterona
- Progestagênios isolados não tratam eficazmente os sintomas vasomotores (podem ter algum efeito, mas são muito inferiores ao estrogênio)
- A dose de 35 mcg de noretisterona é a encontrada em alguns anticoncepcionais orais combinados — fora de contexto aqui

---

### ❌ Alternativa E — INCORRETA
**""Remover DIU-LNG e iniciar estradiol 1 mg com didrogesterona 10 mg, oral, cíclico.""**

**Erros múltiplos**:

1. **Remoção desnecessária do DIU**: Não há indicação de retirar um dispositivo funcionante que já oferece proteção endometrial

2. **Troca por esquema menos vantajoso**: Substituir progestagênio local (menos efeitos sistêmicos) por progestagênio oral (mais efeitos colaterais como mastalgia, retenção hídrica, alteração de humor)

3. **Esquema cíclico**: Promove sangramento de privação mensal, geralmente indesejado por mulheres nessa faixa etária. O esquema contínuo é preferido na peri/pós-menopausa para evitar menstruação

4. **Via oral**: Embora não seja contraindicada, perde-se a vantagem da via transdérmica

---

## 💡 DICA DE PROVA

> **""DIU-LNG = proteção endometrial garantida → basta adicionar E2 isolado""**

Sempre que a questão trouxer uma paciente com DIU de levonorgestrel 52 mg e sintomas climatéricos:
- ✅ **Manter o DIU** + adicionar **estrogênio isolado**
- ❌ Não precisa de progestagênio sistêmico adicional
- ❌ Não precisa remover o DIU para iniciar TH

**Atenção à via**: A via"
"1","34","📋 QUESTÃO 34 — SÍNDROME DA BEXIGA HIPERATIVA

🏥 Banca: Prova sem nome | Ano: não informado | Especialidade: Ginecologia / Uroginecologia

━━━━━━━━━━━━━━━━━━━━━━━━━━━━━━━━━━━━━━
🎯 GABARITO: Alternativa C
✅ ATUALIZADA
━━━━━━━━━━━━━━━━━━━━━━━━━━━━━━━━━━━━━━

## 📝 COMENTÁRIO GERAL

Esta questão aborda um tema clássico e frequente em provas de residência: a **diferenciação entre os tipos de incontinência urinária feminina**, especialmente no contexto do climatério.

A paciente apresenta o quadro típico da **Síndrome da Bexiga Hiperativa (SBH)**:
- **Urgência miccional** (sintoma cardinal)
- **Incontinência de urgência** (perda involuntária associada à urgência)
- **Noctúria** (≥2 episódios/noite)
- **Ausência de infecção urinária** (urocultura negativa)
- **Sem causa neurológica identificável**

A SBH é definida pela **International Continence Society (ICS)** como uma síndrome caracterizada por **urgência urinária, geralmente acompanhada de frequência e noctúria, com ou sem incontinência de urgência, na ausência de infecção urinária ou outra patologia óbvia**.

O contexto pós-menopausa é relevante: o **hipoestrogenismo** leva à atrofia urogenital (vagina ""lisa, pálida""), que contribui para disfunção do trato urinário inferior. Note que a paciente iniciou os sintomas 3 anos após a menopausa e não faz terapia hormonal.

---

## 🔍 ANÁLISE DAS ALTERNATIVAS

### ✅ Alternativa C — CORRETA
**Síndrome da bexiga hiperativa**

A paciente preenche todos os critérios diagnósticos da SBH conforme a ICS:

| Critério | Presente no caso |
|----------|------------------|
| Urgência miccional | ✓ ""urgência miccional frequente"" |
| Incontinência de urgência | ✓ ""eventuais episódios de incontinência de urgência"" |
| Noctúria | ✓ ""acorda 2 vezes à noite"" |
| Ausência de ITU | ✓ urocultura negativa |
| Ausência de causa neurológica | ✓ ""nega doenças neurológicas"" |

O diagnóstico é **clínico e de exclusão**. Não há necessidade de urodinâmica para o diagnóstico inicial.

---

### ❌ Alternativa A — INCORRETA
**Divertículo uretral**

O divertículo uretral é uma dilatação sacular da parede uretral, mais comum em mulheres entre 30-60 anos. Apresenta-se classicamente com os **""3 Ds""**:
- **D**isúria
- **D**ispareunia
- **D**renagem (gotejamento pós-miccional)

Ao exame físico, pode-se palpar uma **massa na parede vaginal anterior** que, quando comprimida, pode drenar secreção pelo meato uretral. O exame ginecológico da paciente não descreve nenhuma massa ou abaulamento, e os sintomas não são compatíveis.

---

### ❌ Alternativa B — INCORRETA
**Incontinência urinária mista**

A incontinência mista combina **sintomas de urgência E de esforço**. Para este diagnóstico, a paciente deveria apresentar também perda urinária aos esforços (tosse, espirro, exercício físico, riso).

O enunciado **não menciona nenhum componente de esforço** — apenas urgência e incontinência de urgência. Portanto, não há elementos para classificar como mista.

---

### ❌ Alternativa D — INCORRETA
**Incontinência urinária contínua**

A incontinência contínua caracteriza-se por **perda urinária constante, ininterrupta**, independente de esforço ou urgência. As principais causas são:
- **Fístulas urinárias** (vesicovaginal, ureterovaginal) — geralmente pós-cirúrgicas ou obstétricas
- **Ureter ectópico** (inserção distal ao esfíncter)
- **Lesão esfincteriana grave**

A paciente apresenta episódios **intermitentes** de incontinência associados à urgência, não perda contínua. Além disso, nega cirurgias ginecológicas/urológicas prévias, afastando fístulas iatrogênicas.

---

### ❌ Alternativa E — INCORRETA
**Incontinência urinária de esforço (IUE)**

A IUE é a perda involuntária de urina durante **aumento da pressão intra-abdominal** (tosse, espirro, exercício, riso), **sem contração do detrusor**.

Características que falam **contra** IUE neste caso:
- Não há relato de perda aos esforços
- A queixa principal é **urgência** (não esforço)
- A força contrátil do assoalho pélvico está **normal** (na IUE, frequentemente há hipotonia)

A IUE está mais associada a fatores como multiparidade, partos vaginais traumáticos, obesidade e hipoestrogenismo, mas o quadro clínico descrito é claramente de urgência.

---

## 💡 DICA DE PROVA

**Diferencie rapidamente os tipos de incontinência pela QUEIXA PRINCIPAL:**

| Tipo | Sintoma-chave | Mecanismo |
|------|---------------|-----------|
| **Esforço** | Perda ao tossir/espirrar | Hipermobilidade uretral / defeito esfincteriano |
| **Urgência (SBH)** | ""Não dá tempo de chegar ao banheiro"" | Hiperatividade do detrusor |
| **Mista** | Ambos os sintomas | Combinação |
| **Contínua** | Perda o tempo todo | Fístula / defeito anatômico grave |

> 🔑 **Palavra-chave ""URGÊNCIA"" = Bexiga Hiperativa**
> 🔑 **Palavra-chave ""ESFORÇO/TOSSE"" = IUE**"
"1","35","📋 QUESTÃO 35 — BIOÉTICA: PRINCÍPIO DA AUTONOMIA

🏥 Banca: Prova sem nome | Ano: não informado | Especialidade: Bioética / Ética Médica

━━━━━━━━━━━━━━━━━━━━━━━━━━━━━━━━━━━━━━
🎯 GABARITO: Alternativa C
✅ ATUALIZADA
━━━━━━━━━━━━━━━━━━━━━━━━━━━━━━━━━━━━━━

## 📝 COMENTÁRIO GERAL

Esta questão aborda um dos **quatro princípios fundamentais da Bioética** estabelecidos por Beauchamp e Childress no livro *Principles of Biomedical Ethics* (1979), que constituem a base do **principialismo bioético**.

A frase apresentada no enunciado descreve com precisão o conceito de **autonomia**: a capacidade do indivíduo de tomar decisões por si mesmo, baseado em seus próprios valores e convicções, **livre de coerção externa**. Os elementos-chave da definição são:

- **""Pensamentos, trabalhos e ações""** → abrange todas as esferas da vida
- **""Normas que ele escolheu como próprias""** → autodeterminação
- **""Sem constrangimentos ou coerção externas""** → liberdade de influências indevidas

No contexto do **consentimento informado**, a autonomia é o princípio que fundamenta o direito do paciente de:
1. Receber informações adequadas sobre sua condição
2. Compreender as opções terapêuticas disponíveis
3. Decidir livremente sobre aceitar ou recusar tratamentos

O Código de Ética Médica brasileiro (CFM, 2018) reforça esse princípio em diversos artigos, especialmente no Capítulo IV (Direitos Humanos) e Capítulo V (Relação com Pacientes e Familiares).

---

## 🔍 ANÁLISE DAS ALTERNATIVAS

### ✅ Alternativa C — CORRETA
**Autônoma** é a resposta correta. A autonomia (do grego *autos* = próprio + *nomos* = lei/norma) refere-se à capacidade de autogoverno, de estabelecer suas próprias regras de conduta. Uma pessoa autônoma é aquela que age segundo princípios que ela mesma escolheu, sem ser coagida por terceiros. Este é o fundamento ético do consentimento informado: respeitar a capacidade decisória do paciente.

---

### ❌ Alternativa A — INCORRETA
**Otimista** refere-se a uma disposição psicológica de ver as situações de forma positiva, esperando resultados favoráveis. Não tem relação com autodeterminação ou capacidade de tomar decisões independentes. Uma pessoa pode ser otimista e ainda assim ter sua autonomia cerceada, ou ser pessimista e exercer plenamente sua autonomia.

---

### ❌ Alternativa B — INCORRETA
**Mediadora** descreve alguém que atua como intermediário na resolução de conflitos entre partes. Embora a mediação seja uma habilidade importante em diversos contextos (inclusive na saúde), ela não se relaciona com o conceito de autodeterminação descrito no enunciado. A mediação, inclusive, pressupõe a existência de *outras* partes, enquanto a autonomia foca na capacidade individual.

---

### ❌ Alternativa D — INCORRETA
**Performática** (ou performativa) refere-se a alguém que se expressa através de performances ou que age de forma teatral/expressiva. Em filosofia da linguagem, ""performativo"" relaciona-se a atos de fala que realizam ações (ex: ""eu prometo""). Nenhum desses sentidos corresponde à definição de autodeterminação livre de coerção apresentada no enunciado.

---

### ❌ Alternativa E — INCORRETA
**Individualista** descreve alguém que prioriza interesses pessoais sobre os coletivos, podendo ter conotação negativa de egoísmo. Embora autonomia e individualismo compartilhem o foco no indivíduo, são conceitos distintos:
- **Autonomia** → capacidade de autodeterminação (conceito neutro/positivo)
- **Individualismo** → priorização do ""eu"" sobre o ""nós"" (pode ser negativo)

Uma pessoa autônoma pode tomar decisões altruístas; um individualista pode agir por pressão social (sem autonomia real).

---

## 💡 DICA DE PROVA

Os **4 princípios da Bioética (Principialismo)** são cobrados com frequência:

| Princípio | Definição resumida |
|-----------|-------------------|
| **Autonomia** | Respeito à capacidade de decisão do paciente |
| **Beneficência** | Agir em prol do bem do paciente |
| **Não-maleficência** | Não causar dano (*primum non nocere*) |
| **Justiça** | Distribuição equitativa de recursos e tratamento |

**Macete:** ""**AUTO-BE-NÃO-JUS**"" (Autonomia, Beneficência, Não-maleficência, Justiça)"
"1","36","📋 QUESTÃO 36 — CÂNCER DE MAMA TRIPLO-NEGATIVO E INDICAÇÕES DE TESTE GENÉTICO

🏥 Banca: Prova sem nome | Ano: não informado | Especialidade: Mastologia / Oncologia

━━━━━━━━━━━━━━━━━━━━━━━━━━━━━━━━━━━━━━
🎯 GABARITO: Alternativa B
✅ ATUALIZADA
━━━━━━━━━━━━━━━━━━━━━━━━━━━━━━━━━━━━━━

## 📝 COMENTÁRIO GERAL

Esta questão aborda o manejo do **carcinoma mamário invasor triplo-negativo (CMTN)** em paciente jovem, exigindo conhecimento sobre indicações de teste genético, sequenciamento terapêutico e princípios cirúrgicos/radioterápicos.

**Pontos-chave do caso:**
- Mulher de **40 anos** (idade jovem para câncer de mama)
- **Triplo-negativo** (RE-, RP-, HER2-)
- Estadiamento **T2N0M0** (tumor 2-5cm, sem linfonodos, sem metástases)
- Tumor com características agressivas (crescimento rápido, bordos irregulares, aderido)

O **câncer de mama triplo-negativo** representa 15-20% dos carcinomas mamários e possui características particulares:
- Maior prevalência em mulheres jovens
- **Forte associação com mutações BRCA1** (até 20% dos CMTN têm mutação germinativa)
- Comportamento mais agressivo, maior risco de recorrência precoce
- Não responde a terapia hormonal nem anti-HER2

As diretrizes da **NCCN**, **ASCO** e **SBM (Sociedade Brasileira de Mastologia)** recomendam teste genético para câncer hereditário em pacientes com CMTN diagnosticado **≤60 anos**, independentemente de história familiar.

---

## 🔍 ANÁLISE DAS ALTERNATIVAS

### ✅ Alternativa B — CORRETA
*""O teste genético para câncer de mama hereditário deve ser solicitado devido à idade jovem.""*

**Absolutamente correta.** As indicações de teste genético para síndromes hereditárias de câncer de mama (principalmente BRCA1/2) incluem:

| Critério | Indicação |
|----------|-----------|
| Idade ao diagnóstico | ≤45 anos (qualquer subtipo) |
| **Triplo-negativo** | **≤60 anos** |
| História familiar | Parentes de 1º/2º grau com CA mama/ovário |
| Câncer de mama masculino | Qualquer idade |
| Ascendência Ashkenazi | Qualquer idade |

Esta paciente preenche **dois critérios**: idade ≤45 anos E triplo-negativo ≤60 anos. A ausência de história familiar **não exclui** a indicação — até 50% das mutações BRCA ocorrem sem história familiar evidente.

**Implicações práticas do resultado:**
- Se BRCA+: considerar mastectomia bilateral profilática, ooforectomia, rastreio intensificado
- Possibilidade de uso de **inibidores de PARP** (olaparibe) como terapia adjuvante/metastática

---

### ❌ Alternativa A — INCORRETA
*""A quimioterapia neste caso deve ser realizada após o tratamento cirúrgico.""*

**Incorreta.** No CMTN com tumor ≥2cm (T2) ou linfonodos positivos, a **quimioterapia neoadjuvante é o padrão atual**, não a adjuvante.

**Vantagens da neoadjuvância no triplo-negativo:**
1. Permite avaliar **resposta patológica completa (pCR)** — importante fator prognóstico
2. Possibilita **downstaging** tumoral, aumentando chances de cirurgia conservadora
3. Se não houver pCR, permite **terapia adjuvante de resgate** com capecitabina (estudo CREATE-X)
4. Inclusão de **imunoterapia** (pembrolizumabe) no esquema neoadjuvante (estudo KEYNOTE-522)

---

### ❌ Alternativa C — INCORRETA
*""A reconstrução mamária deve ser tardia, pelos riscos de recidiva do tumor triplo-negativo.""*

**Incorreta.** A **reconstrução imediata** é segura e recomendada quando oncologicamente apropriada, independentemente do subtipo tumoral.

Estudos demonstram que a reconstrução imediata:
- **Não aumenta** taxas de recorrência local ou à distância
- **Não atrasa** significativamente o início da terapia adjuvante
- Proporciona **melhores resultados estéticos** e psicológicos

A decisão entre imediata vs. tardia depende de fatores como necessidade de radioterapia pós-mastectomia (que pode comprometer o resultado estético de próteses), comorbidades e preferência da paciente — **não do subtipo molecular**.

---

### ❌ Alternativa D — INCORRETA
*""O tratamento inicial indicado é mastectomia esquerda com preservação de pele e complexo aréolo-papilar e linfonodo sentinela.""*

**Incorreta por dois motivos:**

1. **Sequenciamento inadequado:** Como discutido, o tratamento inicial deve ser **quimioterapia neoadjuvante**, não cirurgia.

2. **Preservação do CAP questionável:** A preservação do complexo aréolo-papilar (nipple-sparing mastectomy) tem **contraindicações relativas**:
   - Tumor próximo ao CAP (<2cm)
   - Envolvimento cutâneo ou do mamilo
   - Doença inflamatória
   
   No caso, o tumor está em **QSE** (distante do CAP), mas a decisão sobre preservação deve ser tomada **após neoadjuvância** e avaliação da resposta.

---

### ❌ Alternativa E — INCORRETA
*""A radioterapia é sempre indicada como tratamento adjuvante, independente da cirurgia ser conservadora ou mastectomia, por tratar-se de tumor triplo negativo.""*

**Incorreta.** A indicação de radioterapia depende do **tipo de cirurgia e fatores de risco**, não do subtipo molecular:

| Cenário | Radioterapia |
|---------|--------------|
| **Cirurgia conservadora** | **Sempre indicada** (mama residual) |
| Mastectomia + T≤5cm + N0 | Geralmente **não indicada** |
| Mastectomia + T>5cm ou N+ | **Indicada** (parede torácica ± regionais) |
| Margens comprometidas | Indicada |

Nesta paciente (T2N0), se houver **boa resposta à neoadjuvância** e for realizada mastectomia com margens livres, a radioterapia pode **não ser necessária**. O subtipo triplo-negativo, por si só, não é indicação absoluta de RT pós-mastectomia.

---

## 💡 DICA DE PROVA

**Critérios para teste genético BRCA — memorize os principais:**

> 🧬 **""BRCA quando pensar?""**
> - **B**aixa idade (≤45 anos)
> - **R**eceptores negativos (triplo-negativo ≤"
"1","37","📋 QUESTÃO 37 — SANGRAMENTO UTERINO ANORMAL NA PÓS-MENOPAUSA

🏥 Banca: Prova sem nome | Ano: não informado | Especialidade: Ginecologia

━━━━━━━━━━━━━━━━━━━━━━━━━━━━━━━━━━━━━━
🎯 GABARITO: Alternativa E
✅ ATUALIZADA
━━━━━━━━━━━━━━━━━━━━━━━━━━━━━━━━━━━━━━

## 📝 COMENTÁRIO GERAL

O sangramento uterino na pós-menopausa (SUA-PM) é um sinal de alarme que exige investigação obrigatória, pois **cerca de 10% dos casos estão associados a carcinoma de endométrio**. A questão apresenta uma paciente de 60 anos com múltiplos fatores de risco para câncer endometrial:

| Fator de Risco | Presente na Paciente |
|----------------|---------------------|
| Obesidade (IMC ≥ 30) | ✅ IMC = 30 kg/m² |
| Hipertensão arterial | ✅ Em uso de enalapril |
| Terapia hormonal prévia | ✅ TH por 5 anos |
| Idade > 55 anos | ✅ 60 anos |
| Nuliparidade | ❌ G2C2 (fator protetor) |

### Raciocínio Diagnóstico

A **ultrassonografia transvaginal (USGTV)** é o exame inicial de escolha para avaliação do sangramento pós-menopausa. O ponto de corte mais aceito para a espessura endometrial é:

- **≤ 4-5 mm** → Valor preditivo negativo > 99% para CA endométrio → Conduta expectante possível
- **> 4-5 mm** → Necessita investigação histológica

A paciente apresenta **endométrio de 8 mm**, ou seja, **acima do ponto de corte**, o que indica necessidade de **amostragem endometrial para estudo histopatológico**.

### Métodos de Biópsia Endometrial

| Método | Características |
|--------|-----------------|
| **Cureta de Novak/Pipelle** | Ambulatorial, sem anestesia, sensibilidade 90-99% para CA |
| Histeroscopia com biópsia | Padrão-ouro, permite visualização direta |
| Curetagem uterina fracionada | Centro cirúrgico, anestesia, mais invasiva |

A **biópsia aspirativa com cureta de Novak** (ou Pipelle) é o método de primeira linha por ser:
- Realizada em consultório
- Dispensa anestesia
- Baixo custo
- Alta sensibilidade para lesões difusas

---

## 🔍 ANÁLISE DAS ALTERNATIVAS

### ✅ Alternativa E — CORRETA
**""Biópsia de endométrio em consultório com cureta de Novak""**

Conduta correta e indicada. Diante de sangramento pós-menopausa + espessura endometrial > 4-5 mm, a investigação histológica é mandatória. A biópsia ambulatorial com cureta de Novak ou Pipelle é o método de primeira escolha, permitindo diagnóstico sem necessidade de procedimento cirúrgico. Apresenta sensibilidade de 90-99% para detecção de carcinoma endometrial em lesões difusas.

---

### ❌ Alternativa A — INCORRETA
**""Histerectomia vaginal""**

Realizar histerectomia sem diagnóstico histológico prévio é **conduta inadequada**. Não se indica cirurgia de grande porte sem antes confirmar a etiologia do sangramento. Se a biópsia revelar carcinoma, o estadiamento e a via cirúrgica serão definidos conforme o tipo histológico e extensão da doença. Além disso, a histerectomia para câncer de endométrio geralmente é realizada por via abdominal ou laparoscópica (não vaginal), pois permite avaliação da cavidade peritoneal e linfonodos.

---

### ❌ Alternativa B — INCORRETA
**""Histerectomia por via laparoscópica""**

Mesmo raciocínio da alternativa A. Embora a via laparoscópica seja adequada para tratamento cirúrgico do câncer de endométrio em estágios iniciais, **não se indica tratamento cirúrgico definitivo sem diagnóstico histopatológico**. A biópsia deve preceder qualquer decisão terapêutica. Muitas causas de sangramento pós-menopausa são benignas (atrofia, pólipos, hiperplasia sem atipia) e não requerem histerectomia.

---

### ❌ Alternativa C — INCORRETA
**""Repetir ultrassom transvaginal em 3 meses""**

Conduta **expectante inadequada**. A paciente já apresenta:
- Sangramento pós-menopausa (sintoma de alarme)
- Endométrio espessado (8 mm > 4-5 mm)
- Múltiplos fatores de risco para CA endométrio

Aguardar 3 meses para repetir exame de imagem significa postergar o diagnóstico de uma possível neoplasia maligna, comprometendo o prognóstico. O USGTV já cumpriu seu papel de triagem — agora é necessário estudo histológico.

---

### ❌ Alternativa D — INCORRETA
**""Repetir ultrassom transvaginal em 6 meses""**

Ainda mais inadequada que a alternativa C. Postergar a investigação por 6 meses em paciente sintomática com fatores de risco é **inaceitável**. O sangramento pós-menopausa nunca deve ser ignorado ou acompanhado apenas com imagem quando há indicação de biópsia.

---

## 💡 DICA DE PROVA

> **""Sangramento pós-menopausa = câncer até que se prove o contrário""**

### Fluxograma simplificado:

```
SANGRAMENTO PÓS-MENOPAUSA
           ↓
    USGTV (1º exame)
           ↓
    ┌──────┴──────┐
    ↓             ↓
 ≤ 4-5 mm      > 4-5 mm
    ↓             ↓
 Observar*    BIÓPSIA
              (Novak/Pipelle)
```

*Se sangramento persistente ou recorrente, mesmo com eco normal → biopsiar

### Ponto de corte da espessura endometrial:
- **Sem TH:** ≤ 4-5 mm
- **Com TH combinada:** pode-se aceitar até 5 mm
- **Com TH apenas estrogênio:** maior risco, menor tolerância"
"1","38","📋 QUESTÃO 38 — CARCINOMA DE COLO UTERINO ESTÁDIO IA1

🏥 Banca: Prova sem nome | Ano: não informado | Especialidade: Ginecologia Oncológica

━━━━━━━━━━━━━━━━━━━━━━━━━━━━━━━━━━━━━━
🎯 GABARITO: Alternativa E
✅ ATUALIZADA
━━━━━━━━━━━━━━━━━━━━━━━━━━━━━━━━━━━━━━

## 📝 COMENTÁRIO GERAL

Esta questão aborda o **estadiamento e manejo do carcinoma de colo uterino em estádio inicial**, tema clássico em provas de residência. O caso apresenta uma paciente jovem, com desejo reprodutivo, cujo achado anatomopatológico pós-conização revela características específicas que definem a conduta.

### Dados-chave do caso:
| Parâmetro | Valor encontrado |
|-----------|------------------|
| Profundidade de invasão | ≤ 2,5 mm |
| Extensão horizontal | 5 mm |
| Invasão linfovascular (ILV) | **Ausente** |
| Margens da conização | **Livres** |
| Desejo reprodutivo | **Sim** |

### Estadiamento FIGO 2018 para Carcinoma de Colo Uterino (estádios iniciais):

| Estádio | Critérios |
|---------|-----------|
| **IA1** | Invasão estromal ≤ 3 mm de profundidade |
| **IA2** | Invasão estromal > 3 mm e ≤ 5 mm de profundidade |
| **IB1** | Invasão > 5 mm de profundidade OU tumor ≤ 2 cm |

> ⚠️ **Nota importante:** A partir do estadiamento FIGO 2018, a extensão horizontal **não é mais critério de estadiamento** — apenas a profundidade de invasão importa para diferenciar IA1 de IA2.

A paciente apresenta **estádio IA1** (invasão ≤ 3 mm), **sem invasão linfovascular** e **margens livres**. Este é o cenário de **melhor prognóstico** no câncer de colo uterino invasor, com risco de metástase linfonodal < 1%.

### Conduta segundo diretrizes (FEBRASGO, NCCN, ESGO):

**Estádio IA1 sem ILV + margens livres:**
- ✅ Conização com margens livres é tratamento **suficiente e definitivo**
- ✅ Permite **preservação da fertilidade**
- ✅ Seguimento clínico e citológico rigoroso

---

## 🔍 ANÁLISE DAS ALTERNATIVAS

### ✅ Alternativa E — CORRETA
**""Orientar a paciente a manter seguimento clínico e citopatológico.""**

Esta é a conduta adequada porque:
1. **Estádio IA1 sem ILV** = risco de metástase linfonodal < 1%
2. **Margens livres** = tratamento oncologicamente completo
3. **Desejo reprodutivo** = priorizar preservação uterina quando oncologicamente seguro

O seguimento recomendado inclui:
- Citologia e colposcopia a cada 3-6 meses nos primeiros 2 anos
- Após, seguimento anual
- Orientação sobre sinais de alarme

---

### ❌ Alternativa A — INCORRETA
**""Histerectomia total.""**

Seria uma opção válida **se a paciente não desejasse preservar fertilidade**. Em mulheres com prole completa e estádio IA1 sem ILV, a histerectomia total simples (tipo A) é alternativa aceitável. 

**Porém, no caso em questão:**
- Paciente nuligesta com desejo de engravidar
- Conização já foi curativa (margens livres)
- Histerectomia seria **sobretratamento** desnecessário

---

### ❌ Alternativa B — INCORRETA
**""Histerectomia radical e linfadenectomia pélvica.""**

Este é o tratamento padrão para **estádios IB1 em diante** ou **IA2 com fatores de risco**. 

**Por que está errada:**
- Cirurgia radical em IA1 sem ILV = **morbidade desnecessária**
- Linfadenectomia não indicada quando risco linfonodal < 1%
- Comprometeria definitivamente a fertilidade

A histerectomia radical (tipo B ou C de Querleu-Morrow) envolve ressecção de paramétrios e manguito vaginal, com riscos de disfunção vesical e sexual.

---

### ❌ Alternativa C — INCORRETA
**""Histerectomia total com salpingo-ooforectomia.""**

**Duplamente inadequada:**
1. Histerectomia já seria sobretratamento (como discutido)
2. **Ooforectomia não tem indicação** no carcinoma escamoso de colo uterino
   - Metástases ovarianas são raríssimas no tipo escamoso (< 0,5%)
   - Diferente do adenocarcinoma, onde há maior risco ovariano

Em paciente de 30 anos, a ooforectomia causaria menopausa cirúrgica precoce com todas suas consequências (osteoporose, risco cardiovascular, sintomas climatéricos).

---

### ❌ Alternativa D — INCORRETA
**""Histerectomia total com pesquisa de linfonodo sentinela.""**

Embora a técnica do linfonodo sentinela seja cada vez mais utilizada no câncer de colo uterino, **não há indicação de qualquer abordagem linfonodal no estádio IA1 sem ILV**.

**Racional:**
- Risco de acometimento linfonodal < 1%
- Pesquisa de linfonodo sentinela é indicada a partir de IA2 ou IA1 **com** ILV
- Além disso, a histerectomia em si já seria desnecessária neste caso

---

## 💡 DICA DE PROVA

**Memorize os ""3 critérios de segurança"" para tratamento conservador no estádio IA1:**

```
┌─────────────────────────────────────────┐
│  CONIZAÇÃO CURATIVA = pode seguir      │
│                                         │
│  1. Estádio IA1 (invasão ≤ 3 mm)       │
│  2. SEM invasão linfovascular          │
│  3. Margens LIVRES                      │
│                                         │
│  → Se os 3 presentes: SEGUIMENTO       │
│  → Se qualquer um ausente: ampliar tto │
└─────────────────────────────────────────┘
```

**Pegadinha clássica:** A banca pode tentar confundir com a extensão horizontal (7 mm era critério antigo). Lembre-se: **FIGO 2018 aboliu a extensão horizontal** — só importa a profundidade!"
"1","39","📋 QUESTÃO 39 — VULVOVAGINITES / TRICOMONÍASE

🏥 Banca: Prova sem nome | Ano: não informado | Especialidade: Ginecologia

━━━━━━━━━━━━━━━━━━━━━━━━━━━━━━━━━━━━━━
🎯 GABARITO: Alternativa E
✅ ATUALIZADA
━━━━━━━━━━━━━━━━━━━━━━━━━━━━━━━━━━━━━━

## 📝 COMENTÁRIO GERAL

O caso apresenta um quadro clássico sugestivo de **tricomoníase vaginal**: leucorreia amarelo-esverdeada, profusa, associada a ardência vaginal, dispareunia e hiperemia de paredes vaginais e ectocérvice. O achado de **colo em framboesa** (colpite macular ou em morango), embora não descrito explicitamente, é altamente sugestivo quando há hiperemia difusa associada a esse tipo de corrimento.

A **tricomoníase** é causada pelo protozoário flagelado *Trichomonas vaginalis*, sendo considerada uma **IST (Infecção Sexualmente Transmissível)**. Caracteriza-se por:

| Característica | Achado típico |
|----------------|---------------|
| Corrimento | Amarelo-esverdeado, bolhoso, fétido |
| pH vaginal | > 4,5 (geralmente > 5,0) |
| Teste das aminas | Pode ser positivo |
| Microscopia | Protozoário flagelado móvel |
| Colo uterino | Colpite focal (""colo em framboesa"") |

Entretanto, a questão cobra um conceito fundamental: **antes de tratar empiricamente, é necessário confirmar o diagnóstico** quando há recursos disponíveis. A **bacterioscopia a fresco** permite visualizar o parasita móvel com seus flagelos característicos, sendo um exame rápido, barato e com boa especificidade.

O PCDT de IST do Ministério da Saúde (2022) orienta que, quando disponível, a confirmação diagnóstica deve preceder o tratamento, especialmente porque o quadro clínico das vulvovaginites pode se sobrepor.

---

## 🔍 ANÁLISE DAS ALTERNATIVAS

### ✅ Alternativa E — CORRETA
**""Bacterioscopia a fresco ou por Gram para diagnóstico""**

A conduta **mais adequada** diante de um quadro sugestivo, mas não patognomônico, é **confirmar o diagnóstico antes de tratar**. A bacterioscopia a fresco (exame do conteúdo vaginal em soro fisiológico) permite:

- Visualização do *Trichomonas vaginalis* móvel (sensibilidade ~60-70%)
- Avaliação de clue cells (vaginose bacteriana)
- Pesquisa de leveduras e pseudo-hifas (candidíase)

O Gram complementa a avaliação, especialmente para vaginose bacteriana. Essa abordagem é preconizada pelo **Ministério da Saúde** e evita tratamentos desnecessários ou inadequados.

---

### ❌ Alternativa A — INCORRETA
**""Colposcopia""**

A colposcopia é um exame indicado para **avaliação de lesões cervicais** (rastreio de neoplasia intraepitelial cervical), não para diagnóstico de vulvovaginites. Não há indicação no caso apresentado — a hiperemia descrita é compatível com processo inflamatório/infeccioso agudo, não com lesão pré-neoplásica.

---

### ❌ Alternativa B — INCORRETA
**""Metronidazol 2 g via oral, dose única""**

Este **é o tratamento correto para tricomoníase**, conforme o PCDT-IST/MS:

> **Metronidazol 2g VO dose única** (primeira escolha)
> *ou* Metronidazol 500mg VO 12/12h por 7 dias

**Por que está errada na questão?** Porque a banca exige **confirmação diagnóstica antes do tratamento**. Embora o quadro seja altamente sugestivo, o tratamento empírico sem confirmação não é a conduta ""mais adequada"" quando há possibilidade de realizar o exame.

⚠️ **Atenção:** Em contextos de **abordagem sindrômica** (quando não há microscopia disponível), o tratamento empírico seria aceitável. A questão pressupõe disponibilidade de recursos diagnósticos.

---

### ❌ Alternativa C — INCORRETA
**""Tratamento com fluconazol 150 mg dose única""**

O fluconazol é o tratamento de escolha para **candidíase vulvovaginal**, que se apresenta com:
- Corrimento branco, grumoso (""leite coalhado"")
- Prurido intenso
- pH vaginal normal (< 4,5)
- Pseudo-hifas na microscopia

O quadro descrito (corrimento amarelo-esverdeado, profuso) **não é compatível com candidíase**, tornando o fluconazol inadequado.

---

### ❌ Alternativa D — INCORRETA
**""Tratamento com metronidazol gel vaginal por sete dias""**

O metronidazol gel vaginal é o tratamento de escolha para **vaginose bacteriana**, não para tricomoníase. 

**Diferença crucial:**
| | Vaginose Bacteriana | Tricomoníase |
|---|---|---|
| Corrimento | Acinzentado, homogêneo | Amarelo-esverdeado, bolhoso |
| Odor | Fétido (peixe podre) | Pode ser fétido |
| Inflamação | **Ausente** | **Presente** (ardência, hiperemia) |
| Tratamento tópico | Eficaz | **Ineficaz** (não atinge reservatórios) |

Para tricomoníase, o tratamento **deve ser sistêmico** (oral), pois o parasita pode estar em glândulas de Skene, uretra e outros reservatórios não alcançados pela via tópica.

---

## 💡 DICA DE PROVA

**Macete das vulvovaginites — ""COR do corrimento"":**

| Cor | Diagnóstico | pH | Tratamento |
|-----|-------------|-----|------------|
| **C**oalhado (branco) | **C**andidíase | < 4,5 | Fluconazol |
| **O**dor de peixe (acinzentado) | Vaginose bacteriana | > 4,5 | Metronidazol gel |
| Amarelo-esve**R**deado | T**R**icomoníase | > 4,5 | Metronidazol VO |

**Lembre-se:** 
- Tricomoníase = **IST** → tratar parceiro!
- Vaginose bacteriana = **não é IST** → não precisa tratar parceiro
- Candidíase = **não é IST** → não precisa tratar parceiro (exceto se sintomático)"
"1","40","📋 QUESTÃO 40 — SÍNDROME DOS OVÁRIOS POLICÍSTICOS (SOP)

🏥 Banca: Prova sem nome | Ano: não informado | Especialidade: Ginecologia

━━━━━━━━━━━━━━━━━━━━━━━━━━━━━━━━━━━━━━
🎯 GABARITO: Alternativa D
✅ ATUALIZADA
━━━━━━━━━━━━━━━━━━━━━━━━━━━━━━━━━━━━━━

## 📝 COMENTÁRIO GERAL

A Síndrome dos Ovários Policísticos (SOP) é a endocrinopatia mais comum em mulheres em idade reprodutiva, afetando 6-10% dessa população. O diagnóstico baseia-se nos **Critérios de Rotterdam (2003)**, que exigem a presença de **pelo menos 2 dos 3 critérios** abaixo, após exclusão de outras causas:

| Critério | Definição |
|----------|-----------|
| **1. Oligo/anovulação** | Ciclos > 35 dias ou < 8 ciclos/ano |
| **2. Hiperandrogenismo** | Clínico (hirsutismo, acne, alopecia) **OU** laboratorial (↑ testosterona) |
| **3. Ovários policísticos à USG** | ≥ 20 folículos (2-9mm) por ovário **OU** volume ovariano > 10 cm³ |

**Análise da paciente:**

| Critério | Achado na paciente | Presente? |
|----------|-------------------|-----------|
| Oligo/anovulação | Ciclos de ~60 dias (oligomenorreia) | ✅ SIM |
| Hiperandrogenismo | Acne + oleosidade (clínico) — labs normais não excluem! | ✅ SIM |
| Ovários policísticos | OD: 2,3 cm³ / OE: 3,4 cm³ (ambos < 10 cm³) | ❌ NÃO |

**→ A paciente preenche 2 de 3 critérios = DIAGNÓSTICO DE SOP CONFIRMADO**

⚠️ **Ponto crucial:** O hiperandrogenismo pode ser **clínico OU laboratorial**. A presença de acne e oleosidade cutânea configura hiperandrogenismo clínico, mesmo com testosterona normal. Isso é um erro frequente em provas!

**Quanto ao tratamento:**
- **Mudanças no estilo de vida (MEV)** são a BASE do tratamento em todas as pacientes, especialmente nas com sobrepeso (IMC 26)
- **Anticoncepcionais orais combinados (ACO)** são primeira linha para controle de ciclo e hiperandrogenismo em pacientes sem desejo de gestação

---

## 🔍 ANÁLISE DAS ALTERNATIVAS

### ✅ Alternativa D — CORRETA
*""A paciente preenche critérios diagnósticos para SOP. O tratamento indicado inclui mudanças no estilo de vida, estímulo à atividade física, adequação da dieta e uso de anticoncepcionais orais combinados.""*

Perfeita! A paciente preenche 2 critérios de Rotterdam (oligomenorreia + hiperandrogenismo clínico). O tratamento proposto está alinhado com as diretrizes internacionais:

1. **MEV como pilar fundamental:** perda de 5-10% do peso já restaura ovulação em muitas pacientes
2. **ACO:** regulariza ciclos, protege endométrio, reduz andrógenos circulantes (↑ SHBG), melhora acne

---

### ❌ Alternativa A — INCORRETA
*""A paciente não preenche critérios diagnósticos para SOP...""*

**Erro:** Afirma que não há critérios, quando claramente há 2 de 3. O equívoco comum é achar que laboratório normal exclui hiperandrogenismo — **não exclui se houver manifestação clínica**.

---

### ❌ Alternativa B — INCORRETA
*""...a melhor opção terapêutica é o sistema intrauterino liberador de levonorgestrel.""*

**Erro duplo:**
1. O diagnóstico está correto, MAS...
2. O **SIU-LNG (Mirena®)** não é primeira escolha em SOP porque:
   - Não suprime eixo hipotálamo-hipófise-ovário
   - Não reduz hiperandrogenismo
   - Indicação principal: proteção endometrial isolada ou contracepção

Além disso, em paciente de **17 anos, virgem**, a inserção de DIU/SIU é tecnicamente mais complexa e não seria a escolha inicial.

---

### ❌ Alternativa C — INCORRETA
*""...sendo recomendado o uso de progestagênios na segunda fase do ciclo menstrual, por 10 a 14 dias.""*

**Erro:** O diagnóstico está correto, mas o tratamento é inadequado como primeira linha.

O uso de **progestagênio cíclico** (ex: progesterona micronizada ou acetato de medroxiprogesterona por 10-14 dias/mês) serve para:
- Induzir menstruação
- Proteger endométrio

**Porém, NÃO trata o hiperandrogenismo** (acne, oleosidade). Em paciente com queixas androgênicas, o ACO é superior por aumentar SHBG e reduzir andrógenos livres.

---

### ❌ Alternativa E — INCORRETA
*""A paciente não preenche critérios diagnósticos para SOP. O tratamento mais adequado consiste em mudanças no estilo de vida, uso de anticoncepcionais orais combinados e espironolactona.""*

**Erro:** Nega o diagnóstico de SOP, que está presente.

Além disso, a **espironolactona** (antiandrogênico) até poderia ser usada em SOP com hiperandrogenismo refratário, mas:
- É segunda linha (após falha de ACO por 6 meses)
- **Contraindicada sem contracepção eficaz** (teratogênica — feminização de feto masculino)
- Não seria primeira escolha neste caso

---

## 💡 DICA DE PROVA

> **""Rotterdam = 2 de 3""** — Grave assim:
> - **O**ligo/anovulação
> - **H**iperandrogenismo (clínico OU lab)
> - **O**vários policísticos (USG)
>
> 🔑 **Macete:** Se a banca der acne/hirsutismo + labs normais, **NÃO CAIA NA ARMADILHA** — hiperandrogenismo clínico é critério válido!

> **Volume ovariano normal:** até 10 cm³. Nesta questão, ambos os ovários estão normais (2,3 e 3,4 cm³), mas isso não exclui SOP se houver outros 2 critérios."
"1","41","📋 QUESTÃO 41 — TENOSSINOVITE DE DE QUERVAIN

🏥 Banca: Prova sem nome | Ano: não informado | Especialidade: Ortopedia / Reumatologia

━━━━━━━━━━━━━━━━━━━━━━━━━━━━━━━━━━━━━━
🎯 GABARITO: Alternativa B
✅ ATUALIZADA
━━━━━━━━━━━━━━━━━━━━━━━━━━━━━━━━━━━━━━

## 📝 COMENTÁRIO GERAL

Esta questão aborda uma causa clássica de dor no punho relacionada a **esforço repetitivo**, explorando o reconhecimento clínico da **tenossinovite de De Quervain** — uma condição inflamatória do primeiro compartimento extensor do punho.

### Fisiopatologia
A tenossinovite de De Quervain consiste na inflamação da bainha sinovial que envolve os tendões do **abdutor longo do polegar (ALP)** e do **extensor curto do polegar (ECP)**, que passam pelo primeiro compartimento extensor dorsal do punho, junto ao **processo estiloide do rádio**. O atrito repetitivo — como o movimento de ""scrolling"" prolongado em smartphones ou o uso de pinça com o polegar — causa espessamento da bainha tendínea e estenose do túnel osteofibroso.

### Quadro Clínico Típico
- **Dor** na face lateral (radial) do punho, sobre o processo estiloide do rádio
- **Edema** e sensibilidade local
- Piora com movimentos de **pinça** ou **desvio ulnar do punho com polegar fletido**
- Associação com atividades repetitivas (uso de celular, tricô, carregar bebês — ""polegar de mamãe"")

### Teste Diagnóstico Patognomônico
O **teste de Finkelstein** (descrito no enunciado como ""polegar na palma da mão, fecha os dedos sobre ele"" e desvio ulnar do punho) provoca **estiramento dos tendões do 1º compartimento**, reproduzindo a dor característica. É o teste clínico mais importante para o diagnóstico.

> ⚠️ **Nota técnica:** O teste descrito no enunciado é, na verdade, o **teste de Eichhoff** (polegar na palma + desvio ulnar passivo). O teste de Finkelstein original envolve o examinador tracionar o polegar em desvio ulnar. Na prática e em provas, ambos são frequentemente chamados de ""Finkelstein"".

---

## 🔍 ANÁLISE DAS ALTERNATIVAS

### ✅ Alternativa B — CORRETA
**""Trata-se de tenossinovite de De Quervain.""**

Todos os elementos clínicos convergem para este diagnóstico:

| Achado Clínico | Correlação com De Quervain |
|----------------|---------------------------|
| Dor ao apertar polegar contra dedos (pinça) | Sobrecarga do 1º compartimento extensor |
| Uso repetitivo (scrolling prolongado) | Fator desencadeante clássico |
| Edema e dor sobre processo estiloide do rádio | Localização anatômica típica |
| Teste de Finkelstein/Eichhoff positivo | Manobra patognomônica |
| Phalen e Tinel negativos | Exclui síndrome do túnel do carpo |

---

### ❌ Alternativa A — INCORRETA
**""Trata-se de provável fasceíte palmar.""**

A **fasceíte palmar** (ou fibromatose palmar/Doença de Dupuytren) caracteriza-se por:
- Espessamento nodular da **fáscia palmar**
- Formação de cordões fibrosos na palma da mão
- **Contratura em flexão** progressiva dos dedos (principalmente 4º e 5º)
- **Não causa dor significativa** na maioria dos casos
- Localização na **palma**, não no processo estiloide do rádio

O quadro da paciente não apresenta nódulos palmares nem contratura digital, e a dor está localizada no **dorso radial do punho**, incompatível com fasceíte palmar.

---

### ❌ Alternativa C — INCORRETA
**""Trata-se de artrite gotosa da primeira articulação metacarpofalangeana.""**

A **gota** na mão tipicamente acomete articulações, não bainhas tendíneas, e apresenta:
- **Início agudo e intenso** (horas), não insidioso (3 semanas)
- Sinais flogísticos exuberantes: **eritema, calor, edema importante**
- Predileção pela **1ª metatarsofalangeana** (podagra) — acometimento da mão é menos comum
- Fatores de risco: sexo masculino, hiperuricemia, dieta rica em purinas, álcool

A paciente apresenta quadro **subagudo**, sem sinais inflamatórios articulares intensos, e a dor está relacionada ao **movimento tendíneo**, não à articulação MCF.

---

### ❌ Alternativa D — INCORRETA
**""Trata-se de artrite de pequenas articulações, muito provavelmente artrite reumatoide.""**

A **artrite reumatoide (AR)** caracteriza-se por:
- Acometimento **poliarticular e simétrico**
- Predileção por **MCF e IFP** (interfalangeanas proximais)
- **Rigidez matinal prolongada** (> 1 hora)
- Sinais inflamatórios articulares (sinovite)
- Evolução com deformidades (desvio ulnar, pescoço de cisne, botoeira)

O quadro é **unilateral**, sem rigidez matinal descrita, sem acometimento de múltiplas articulações, e a dor está localizada sobre o **processo estiloide do rádio** (estrutura óssea/tendínea), não sobre articulações MCF ou IFP.

---

### ❌ Alternativa E — INCORRETA
**""Trata-se de síndrome do túnel do carpo com provável artrose de punho concomitante.""**

A **síndrome do túnel do carpo (STC)** resulta da compressão do **nervo mediano** no túnel do carpo e apresenta:
- **Parestesias** (formigamento, dormência) nos dedos 1º, 2º, 3º e metade radial do 4º
- Dor que pode irradiar para antebraço
- Piora noturna e ao acordar
- **Teste de Phalen positivo** (flexão do punho por 60s reproduz parestesias)
- **Sinal de Tinel positivo** (percussão sobre o túnel do carpo causa ""choque"")

O enunciado **explicita que Phalen e Tinel são negativos**, afastando STC. Além disso, não há queixa de parestesias ou sintomas noturnos. A artrose de punho causaria dor difusa, crepitação e limitação de movimento, não um quadro focal sobre o estiloide radial com teste de Finkelstein positivo.

---

## 💡 DICA DE PROVA

> **""Dor no estiloide radial + Finkelstein positivo = De Quervain""**

🔑 **Associações clássicas em provas"
"1","42","📋 QUESTÃO 42 — OSTEOPOROSE MASCULINA COM FRATURA POR FRAGILIDADE

🏥 Banca: Prova sem nome | Ano: não informado | Especialidade: Endocrinologia / Reumatologia / Geriatria

━━━━━━━━━━━━━━━━━━━━━━━━━━━━━━━━━━━━━━
🎯 GABARITO: Alternativa E
✅ ATUALIZADA
━━━━━━━━━━━━━━━━━━━━━━━━━━━━━━━━━━━━━━

## 📝 COMENTÁRIO GERAL

Esta questão aborda um cenário cada vez mais cobrado: **osteoporose no homem com fratura por fragilidade**. O caso apresenta um paciente de 65 anos que sofreu fratura vertebral (L4) após trauma de baixa energia (empurrar um armário), com densitometria prévia mostrando T-score de -1,5 em coluna — o que isoladamente seria classificado como **osteopenia** pelos critérios da OMS.

### 🔑 Conceito fundamental: Osteoporose clínica vs. densitométrica

A definição de osteoporose **não depende exclusivamente da densitometria**:
- **Osteoporose densitométrica**: T-score ≤ -2,5
- **Osteoporose clínica**: presença de **fratura por fragilidade** (baixo impacto), independentemente do T-score

> ⚠️ **Ponto crucial**: Paciente com fratura por fragilidade = osteoporose estabelecida = indicação de tratamento farmacológico, mesmo com T-score > -2,5

### Particularidades da osteoporose masculina

- Representa cerca de 20-30% das fraturas de quadril
- Maior mortalidade pós-fratura comparada às mulheres
- Causas secundárias são mais frequentes (hipogonadismo, uso de corticoides, alcoolismo)
- O enunciado menciona que exames laboratoriais descartaram causas secundárias

### Escolha do tratamento

Para **homens com osteoporose e fratura vertebral**, as opções de primeira linha incluem:
- **Bisfosfonatos** (alendronato, risedronato, ácido zoledrônico)
- **Denosumabe**
- **Teriparatida** (especialmente em alto risco)

O **ácido zoledrônico** possui vantagens específicas neste contexto, conforme demonstrado no estudo **HORIZON-RFT (Recurrent Fracture Trial)**.

---

## 🔍 ANÁLISE DAS ALTERNATIVAS

### ✅ Alternativa E — CORRETA
*""Administrar anualmente o ácido zoledrônico, que embora esteja correlacionado a ocorrência de osteonecrose de mandíbula em pacientes sob tratamento antineoplásico, reduziu o risco de fraturas vertebrais em 70% e mostrou uma redução de 28% na mortalidade.""*

**Por que está correta:**

O **ácido zoledrônico 5mg IV anual** é uma excelente escolha para este paciente por múltiplas razões:

1. **Eficácia comprovada em homens**: Estudos demonstram redução significativa de fraturas vertebrais (~70%) e não-vertebrais

2. **Estudo HORIZON-RFT**: Em pacientes com fratura de quadril recente, o ácido zoledrônico demonstrou:
   - Redução de 35% em novas fraturas clínicas
   - **Redução de 28% na mortalidade** (único antirreabsortivo com este dado!)
   - Benefício iniciado precocemente após a fratura índice

3. **Administração anual IV**: Garante adesão (problema crítico com bisfosfonatos orais)

4. **Osteonecrose de mandíbula (ONM)**: A alternativa corretamente contextualiza que o risco é significativamente maior em doses oncológicas (4mg mensal) do que nas doses para osteoporose (5mg anual). Incidência em osteoporose: ~1:10.000 a 1:100.000

---

### ❌ Alternativa A — INCORRETA
*""Iniciar bisfosfonados orais como o alendronato (70 mg/semana) ou risedronato (35 mg/sem) cujos estudos na população masculina mostrou redução do risco de fraturas vertebrais e não vertebrais em até 70%.""*

**Erro conceitual:**

Embora os bisfosfonatos orais sejam opções válidas para osteoporose masculina, há **imprecisões nos dados apresentados**:

- A redução de fraturas **não-vertebrais** com bisfosfonatos orais em homens é **menos robusta** e não atinge 70%
- Os estudos pivotais (FIT, VERT) foram realizados predominantemente em mulheres pós-menopausa
- Em homens, os dados de eficácia são extrapolados ou provenientes de estudos menores

**Além disso**, considerando que este paciente:
- Já apresenta fratura (alto risco de nova fratura)
- Usa GLP-1 agonista (pode ter sintomas GI)
- A adesão a bisfosfonatos orais é notoriamente baixa (~50% em 1 ano)

O ácido zoledrônico IV oferece vantagens práticas e o diferencial da **redução de mortalidade**.

---

### ❌ Alternativa B — INCORRETA
*""Suplementar com cálcio (1000 a 1200 mg/dia) e colecalciferol 50 mil UI semanal por 8 semanas e depois manter 15.000 UI semanais de maneira contínua com previsão de redução do risco de fraturas vertebrais em 20 a 30%.""*

**Erros conceituais:**

1. **Cálcio e vitamina D isoladamente NÃO são tratamento para osteoporose estabelecida com fratura** — são adjuvantes, não terapia principal

2. **Superestimação da eficácia**: A redução de 20-30% em fraturas vertebrais com suplementação isolada **não é sustentada por evidências robustas**. Metanálises mostram benefício modesto e controverso, principalmente para fraturas de quadril em idosos institucionalizados com deficiência comprovada

3. **Paciente com fratura = alto risco**: Necessita de terapia antirreabsortiva ou anabólica, não apenas suplementação

> 📌 **Lembre-se**: Cálcio + Vitamina D = coadjuvantes obrigatórios, mas nunca monoterapia em osteoporose com fratura!

---

### ❌ Alternativa C — INCORRETA
*""Prescrever o denosumabe (60 mg/semestral) cujos estudos de 3 anos mostraram reduzir as fraturas vertebrais em 70%, com aumento da massa óssea e redução da ocorrência de fraturas atípicas e de osteonecrose de mandíbula.""*

**Erro conceitual grave:**

A alternativa contém uma **afirmação falsa**: denosumabe **NÃO reduz** a ocorrência de fraturas atípicas e osteonecrose de mandíbula — pelo contrário, **está associado a esses eventos adversos**, assim como os bisfosfonatos!

**Sobre o denosumabe:**
- É um anticorpo monoclonal anti-RANKL
- Eficácia real: red"
"1","43","📋 QUESTÃO 43 — ESTRATIFICAÇÃO DE RISCO CARDIOVASCULAR E METAS DE LDL NO DIABETES

🏥 Banca: Prova sem nome | Ano: não informado | Especialidade: Cardiologia / Endocrinologia

━━━━━━━━━━━━━━━━━━━━━━━━━━━━━━━━━━━━━━
🎯 GABARITO: Alternativa B
⚠️ ATENÇÃO — POSSÍVEL DESATUALIZAÇÃO
━━━━━━━━━━━━━━━━━━━━━━━━━━━━━━━━━━━━━━

## 📝 COMENTÁRIO GERAL

Esta questão aborda a **estratificação de risco cardiovascular (RCV) em pacientes diabéticos** e a definição da intensidade da terapia hipolipemiante, tema frequente em provas de residência.

### Dados relevantes da paciente:
| Parâmetro | Valor | Interpretação |
|-----------|-------|---------------|
| Idade | 42 anos | Jovem |
| DM + HAS | Controladas há 2 anos | Fatores de RCV |
| Colesterol total | 230 mg/dL | Elevado |
| HDL | 31 mg/dL | Baixo (< 50 em mulheres) |
| Triglicerídeos | 125 mg/dL | Normal (< 150) |
| LDL calculado* | ~174 mg/dL | Elevado |
| HbA1c | 6,4% | Bom controle glicêmico |
| Glicemia jejum | 102 mg/dL | Limítrofe |

*LDL calculado pela fórmula de Friedewald: LDL = CT - HDL - (TG/5) = 230 - 31 - 25 = **174 mg/dL**

### Estratificação de Risco Cardiovascular no DM

Segundo a **Diretriz Brasileira de Dislipidemia e Prevenção da Aterosclerose (SBC, 2017)** e atualizações subsequentes, pacientes diabéticos são classificados conforme a presença de **estratificadores de risco (ER)** ou **doença aterosclerótica subclínica (DASC)**:

| Categoria de Risco | Critérios no DM | Meta de LDL |
|--------------------|-----------------|-------------|
| **Risco Intermediário** | DM sem ER e sem DASC | < 100 mg/dL |
| **Alto Risco** | DM + ER ou DASC | < 70 mg/dL |
| **Muito Alto Risco** | DM + doença aterosclerótica clínica | < 50 mg/dL |

### Estratificadores de Risco (ER) no DM:
- Idade ≥ 48 anos (homens) ou ≥ 54 anos (mulheres)
- DM ≥ 10 anos de duração
- História familiar de DAC prematura
- HAS
- Tabagismo
- TFG < 60 mL/min
- Albuminúria > 30 mg/g
- Retinopatia diabética
- Neuropatia autonômica

### Análise da paciente Erica:

A paciente tem **DM + HAS**, o que configuraria a presença de um estratificador de risco. **Pela diretriz atual, isso a classificaria como ALTO RISCO**, com meta de LDL < 70 mg/dL.

**Porém**, o gabarito considera a alternativa B (meta < 100 mg/dL) como correta, o que sugere que a banca:
1. Utilizou uma diretriz mais antiga, ou
2. Considerou que ""HAS bem controlada há 2 anos"" não seria um ER ativo, ou
3. Aplicou critérios menos rigorosos

---

## 🔍 ANÁLISE DAS ALTERNATIVAS

### ✅ Alternativa B — CORRETA (pelo gabarito)
> *""Considerar terapia com estatina de intensidade moderada para obter níveis de colesterol LDL < 100 mg/dL.""*

Esta alternativa considera a paciente como **risco intermediário** — diabética sem estratificadores de risco significativos ou sem DASC documentada.

- **Estatina de intensidade moderada**: reduz LDL em 30-50%
  - Exemplos: sinvastatina 20-40 mg, atorvastatina 10-20 mg, rosuvastatina 5-10 mg
- Meta de LDL < 100 mg/dL é adequada para risco intermediário

**Justificativa provável da banca**: idade jovem (42 anos), DM de curta duração (2 anos), bom controle metabólico (HbA1c 6,4%), sem evidência de lesão de órgão-alvo.

---

### ❌ Alternativa A — INCORRETA
> *""Considerar terapia com estatina de intensidade alta para obter níveis de colesterol LDL < 70 mg/dL.""*

Esta seria a conduta para pacientes de **ALTO RISCO cardiovascular**.

⚠️ **Atenção**: Pelas diretrizes mais recentes (SBC 2017 e atualizações), a presença de **DM + HAS** já configuraria alto risco, tornando esta alternativa potencialmente correta na prática atual.

**Por que a banca considerou errada**: provavelmente interpretou que a paciente não preenche critérios suficientes para alto risco (idade < 48 anos, DM < 10 anos, sem LOA).

---

### ❌ Alternativa C — INCORRETA
> *""Considerar terapia com estatina de intensidade alta, associada a ezetimiba para obter níveis de colesterol LDL < 50 mg/dL.""*

Meta de LDL < 50 mg/dL é reservada para pacientes de **MUITO ALTO RISCO**:
- DM + doença aterosclerótica **clínica** estabelecida (IAM prévio, AVC, DAP sintomática)
- Prevenção secundária

A paciente é **assintomática**, sem história de eventos cardiovasculares — não se enquadra nesta categoria.

A associação estatina + ezetimiba de início é reservada para casos em que a monoterapia não atinge a meta ou para muito alto risco desde o início.

---

### ❌ Alternativa D — INCORRETA
> *""Considerar tratamento combinado com estatina de intensidade alta, ezetimiba e fenofibrato também visando elevação do HDL e diminuição do risco CV.""*

**Múltiplos erros**:

1. **Terapia tripla de início**: não há indicação para iniciar três hipolipemiantes simultaneamente em prevenção primária

2. **Fenofibrato para elevar HDL**: 
   - O benefício cardiovascular dos fibratos é **controverso**
   - Indicação principal: **hipertrigliceridemia grave** (TG > 500 mg/dL) para prevenir pancreatite
   - Os TG da paciente são **normais** (125 mg/dL)

3. **HDL como alvo terapêutico**: 
   - Elevar HDL farmacologicamente **não demonstrou redução de eventos CV** em estudos (AIM-HIGH, HPS2-THRIVE)
   - HDL baixo é **marcador de risco**, não alvo de tratamento

---

### ❌ Alternativa E — INCORRE"
"1","44","📋 QUESTÃO 44 — DOENÇA DE GRAVES E GESTAÇÃO: MANEJO DE DROGAS ANTITIREOIDIANAS

🏥 Banca: Prova sem nome | Ano: não informado | Especialidade: Endocrinologia / Obstetrícia

━━━━━━━━━━━━━━━━━━━━━━━━━━━━━━━━━━━━━━
🎯 GABARITO: Alternativa D
✅ ATUALIZADA
━━━━━━━━━━━━━━━━━━━━━━━━━━━━━━━━━━━━━━

## 📝 COMENTÁRIO GERAL

Esta questão aborda um cenário clássico e de alta relevância para provas: **gestante com Doença de Graves previamente diagnosticada, em uso de metimazol, que descobre gravidez no primeiro trimestre**. O ponto central é reconhecer que a paciente está **bioquimicamente controlada** e entender as implicações do uso de antitireoidianos na gestação.

### Análise do Caso Clínico

**Dados laboratoriais da paciente:**
| Exame | Valor | Referência | Interpretação |
|-------|-------|------------|---------------|
| TSH | 0,1 | 0,9-2,2 | Suprimido (esperado no 1º tri) |
| T4 livre | 1,6 ng/dL | 0,9-2,0 | **Normal** |
| T3 livre | 0,4 ng/dL | 0,30-0,47 | **Normal** |
| TRAb | 0,55 UI/L | até 0,55 | **Limite superior/negativo** |

**Interpretação clínica:**
- **Eutireoidismo bioquímico** → T4L e T3L normais
- **TSH suprimido** → esperado no 1º trimestre devido ao efeito tireotrófico do hCG
- **TRAb no limite da normalidade** → doença imunologicamente controlada
- **Clínica leve** → apenas tremores finos e bócio pequeno, sem oftalmopatia

### Princípios do Manejo de Hipertireoidismo na Gestação

**1. Teratogenicidade das drogas antitireoidianas:**

| Droga | Período crítico | Malformações associadas |
|-------|-----------------|------------------------|
| **Metimazol (MMI)** | 6-10 semanas | Aplasia cutis, atresia de coanas, atresia esofágica, fístula traqueoesofágica (""Embriopatia por MMI"") |
| **Propiltiouracil (PTU)** | Qualquer período | Hepatotoxicidade materna (risco menor de teratogênese) |

**2. Estratégia recomendada (ATA 2017 / Consenso Brasileiro):**

```
┌─────────────────────────────────────────────────────────────┐
│  PRIMEIRO TRIMESTRE (até 16 semanas)                        │
│  → Preferir PTU (se necessário tratamento)                  │
│  → Se paciente controlada: considerar SUSPENSÃO             │
│                                                             │
│  SEGUNDO E TERCEIRO TRIMESTRES                              │
│  → Preferir Metimazol (menor hepatotoxicidade)              │
│  → Usar menor dose possível para manter T4L no limite       │
│    superior da normalidade                                  │
└─────────────────────────────────────────────────────────────┘
```

**3. Quando suspender a droga antitireoidiana?**
- Paciente **eutireoidea** (T4L e T3L normais)
- **TRAb negativo ou baixo**
- **Doses baixas** de antitireoidiano
- Especialmente no **1º trimestre** → evitar teratogenicidade

---

## 🔍 ANÁLISE DAS ALTERNATIVAS

### ✅ Alternativa D — CORRETA
> *""Suspender a medicação antitireoidiana, pois considera-se que além dos riscos de teratogenicidade do metimazol, os exames atuais estão compatíveis com o bom controle da doença.""*

**Por que está correta:**

1. **Paciente está eutireoidea** → T4L e T3L normais
2. **TRAb no limite da normalidade** → atividade imunológica mínima
3. **Primeiro trimestre (8 semanas)** → período de maior risco teratogênico do metimazol
4. **Dose baixa de MMI (10mg)** → sugere doença de fácil controle

A conduta de **suspender e monitorar** é a mais adequada. Caso haja recidiva do hipertireoidismo, reintroduz-se PTU (não metimazol) no 1º trimestre.

> 📌 **Referência:** ATA Guidelines 2017 — *""Em mulheres com Graves controlado com baixas doses de antitireoidiano e TRAb negativo, considerar suspensão da droga no início da gestação com monitorização frequente.""*

---

### ❌ Alternativa A — INCORRETA
> *""Trocar o metimazol pelo propiltiouracil na proporção de 100 mg para 1 mg de metimazol, podendo mantê-lo até o final da gestação, se necessário.""*

**Erros:**

1. **Proporção incorreta** → A equivalência correta é:
   - **1 mg de MMI ≈ 10-20 mg de PTU** (não 100 mg!)
   - Pela proporção da alternativa, 10 mg de MMI = 1.000 mg de PTU → dose absurdamente alta e hepatotóxica

2. **Troca desnecessária** → Paciente está controlada; a conduta é **suspender**, não trocar

3. **PTU até o final da gestação** → Não é recomendado. Após o 1º trimestre, se necessário antitireoidiano, prefere-se **retornar ao metimazol** devido ao risco de hepatotoxicidade do PTU

---

### ❌ Alternativa B — INCORRETA
> *""Trocar o metimazol por propiltiouracil e acrescentar levotiroxina em baixas dosagens devido à ação inibitória do fármaco sobre a conversão de T3 em T4.""*

**Erros:**

1. **Conceito bioquímico invertido** → O PTU inibe a conversão de **T4 em T3** (pela inibição da desiodase tipo 1), não de T3 em T4

2. **Esquema block-replace contraindicado na gestação** → O uso combinado de antitireoidiano + levotiroxina:
   - Exige doses maiores de antitireoidiano
   - A levotiroxina atravessa pouco a placenta
   - O antitireoidiano atravessa livremente → risco de **hipotireoidismo fetal**

3. **Paciente já está eutireoidea** → Não há indicação de adicionar levotiroxina

---

### ❌ Alternativa C — INCORRETA
> *""Aumentar a dose de metimazol para 20 mg/d, pois as imunoglobulinas estimulantes da tireoide tendem a aumentar no transcorrer do período gestacional.""*

**Erros:**

1. **Afirmação fisiopatológica incorreta** → Na gestação, há **imunotolerância fisiológica**:"
"1","45","📋 QUESTÃO 45 — ENCAMINHAMENTO AO NEFROLOGISTA NO PACIENTE DIABÉTICO

🏥 Banca: Prova sem nome | Ano: não informado | Especialidade: Nefrologia / Endocrinologia

━━━━━━━━━━━━━━━━━━━━━━━━━━━━━━━━━━━━━━
🎯 GABARITO: Alternativa E
✅ ATUALIZADA
━━━━━━━━━━━━━━━━━━━━━━━━━━━━━━━━━━━━━━

## 📝 COMENTÁRIO GERAL

A questão aborda os **critérios de encaminhamento ao nefrologista** em pacientes com doença renal do diabetes (DRD), tema fundamental tanto para a prática clínica quanto para provas de residência.

**Contextualizando o caso:**
- Paciente de 65 anos, diabética, obesa, em uso de metformina 2g/dia
- HbA1c de 6,3% → **bom controle glicêmico**
- Creatinina de 1,12 mg/dL → precisamos calcular a TFG estimada

**Cálculo da TFG (CKD-EPI):**
Para uma mulher de 65 anos com creatinina de 1,12 mg/dL, a TFG estimada fica em torno de **48-52 mL/min/1,73m²**, o que corresponde ao **estágio G3a da DRC**. Portanto, a paciente ainda não preenche critérios para encaminhamento imediato ao especialista.

**Critérios de encaminhamento ao nefrologista segundo diretrizes (SBD/KDIGO):**

| Critério | Indicação |
|----------|-----------|
| TFG estimada | **< 30 mL/min/1,73m² (estágio G4-G5)** |
| Albuminúria/Proteinúria | **> 300 mg/g (A3) ou proteinúria > 3 g/dia** |
| Progressão rápida | Queda de TFG > 5 mL/min/ano |
| Hematúria persistente | Não explicada pelo diabetes |
| HAS resistente | Refratária a ≥ 3 drogas (incluindo diurético) |
| Hipercalemia persistente | Difícil manejo clínico |
| Anemia da DRC | Necessidade de eritropoietina |

---

## 🔍 ANÁLISE DAS ALTERNATIVAS

### ✅ Alternativa E — CORRETA
> *""A taxa de filtração glomerular estimada for < 30 mL/min por 1,73 m² ou a proteinúria se mostrar > 3 g/dia.""*

**Perfeita!** Estes são os dois critérios clássicos e bem estabelecidos para encaminhamento ao nefrologista:

- **TFG < 30 mL/min/1,73m²** → Estágio G4 da DRC, quando o paciente necessita de preparação para terapia renal substitutiva, manejo de complicações (anemia, distúrbios minerais) e avaliação para transplante
- **Proteinúria > 3 g/dia** → Indica nefropatia grave com alto risco de progressão, podendo necessitar de biópsia renal para excluir outras glomerulopatias

---

### ❌ Alternativa A — INCORRETA
> *""Hipertensão arterial resistente ao controle com 2 ou mais drogas anti-hipertensivas.""*

**Erro conceitual:** A definição de **HAS resistente** é PA não controlada com **3 ou mais drogas** em doses otimizadas, **incluindo obrigatoriamente um diurético**. 

Com apenas 2 drogas, ainda há espaço para otimização pelo clínico/endocrinologista antes de considerar encaminhamento. Além disso, HAS resistente verdadeira indica encaminhamento prioritário ao **cardiologista ou nefrologista**, mas o critério numérico da alternativa está errado.

---

### ❌ Alternativa B — INCORRETA
> *""Desejo de transplante de células beta (ilhotas) com ou sem transplante renal simultâneo.""*

**Incorreta por vários motivos:**

1. **Transplante de ilhotas pancreáticas** é procedimento experimental/restrito, indicado principalmente para DM1 com hipoglicemias graves e instabilidade metabólica — **não para DM2**
2. A paciente tem **DM2 bem controlada** (HbA1c 6,3%) com metformina oral
3. Não há indicação de transplante renal (TFG ~50 mL/min)
4. Este não é um critério padrão de encaminhamento ao nefrologista

---

### ❌ Alternativa C — INCORRETA
> *""Necessidade de orientação sobre acesso vascular para a hemodiálise ou diálise peritoneal.""*

**Prematura para esta paciente.** A confecção de fístula arteriovenosa (FAV) é recomendada quando:
- TFG < 15-20 mL/min/1,73m² (estágio G5 ou G4 avançado)
- Previsão de início de diálise em 6-12 meses

A paciente tem TFG ~50 mL/min (G3a), muito distante da necessidade de terapia dialítica. Discutir acesso vascular neste momento seria **alarmismo desnecessário** e inadequado.

---

### ❌ Alternativa D — INCORRETA
> *""Inclusão no sistema SUS para recebimento de medicação contínua de inibidores do SGLT-2.""*

**Incorreta, embora clinicamente interessante:**

1. A prescrição de **iSGLT-2** (dapagliflozina, empagliflozina) pode ser feita pelo **clínico, endocrinologista ou cardiologista** — não requer encaminhamento ao nefrologista
2. Os iSGLT-2 têm benefício nefroprotetor comprovado (DAPA-CKD, EMPA-KIDNEY) e cardioprotetor
3. A dispensação pelo SUS segue protocolos específicos (PCDT), mas **não é critério de encaminhamento ao especialista**
4. A paciente poderia se beneficiar de iSGLT-2, mas isso não justifica encaminhamento à nefrologia

---

## 💡 DICA DE PROVA

**Critérios ""clássicos"" de encaminhamento ao nefrologista — memorize os números:**

```
┌─────────────────────────────────────────┐
│  TFG < 30  +  Proteinúria > 3g/dia     │
│         ""TRINTA e TRÊS""                 │
└─────────────────────────────────────────┘
```

**Outros gatilhos importantes:**
- Queda rápida da TFG (> 5 mL/min/ano)
- Hematúria glomerular persistente
- HAS resistente (≥ 3 drogas com diurético)
- Hipercalemia de difícil controle"
"1","46","📋 QUESTÃO 46 — AVC ISQUÊMICO AGUDO E JANELA TERAPÊUTICA ESTENDIDA

🏥 Banca: Prova sem nome | Ano: não informado | Especialidade: Neurologia / Urgência e Emergência

━━━━━━━━━━━━━━━━━━━━━━━━━━━━━━━━━━━━━━
🎯 GABARITO: Alternativa E
✅ ATUALIZADA
━━━━━━━━━━━━━━━━━━━━━━━━━━━━━━━━━━━━━━

## 📝 COMENTÁRIO GERAL

Esta questão aborda um dos avanços mais importantes no manejo do AVC isquêmico agudo dos últimos anos: **a extensão da janela terapêutica para trombólise além das clássicas 4,5 horas**, baseada em critérios de neuroimagem avançada.

**Conceito fundamental:** O paradigma atual do tratamento do AVC isquêmico mudou de uma abordagem baseada exclusivamente em **tempo** (""time is brain"") para uma abordagem baseada em **tecido** (""tissue is brain""). Isso significa que o que realmente importa é a presença de **tecido cerebral viável (penumbra isquêmica)**, independentemente do tempo absoluto desde o início dos sintomas.

### Estudos que revolucionaram a prática:

| Estudo | Intervenção | Janela | Critério de Imagem |
|--------|-------------|--------|-------------------|
| **WAKE-UP (2018)** | Alteplase IV | Desconhecida (wake-up stroke) | RM: DWI-FLAIR mismatch |
| **EXTEND (2019)** | Alteplase IV | 4,5–9h | TC/RM perfusão: mismatch |
| **DAWN (2018)** | Trombectomia | 6–24h | Mismatch clínico-imagem |
| **DEFUSE 3 (2018)** | Trombectomia | 6–16h | Mismatch perfusão |

### O que é o DWI-FLAIR mismatch?

- **DWI positivo (restrição à difusão):** indica tecido já infartado (citotóxico)
- **FLAIR negativo:** sugere que o infarto é **recente** (< 4,5h de evolução tecidual)
- **Mismatch DWI+/FLAIR-:** identifica pacientes com AVC ""fisiologicamente jovem"", mesmo com tempo clínico indeterminado ou prolongado

No caso apresentado, o paciente tem:
- Déficit motor + afasia (AVC em território de ACM esquerda provável)
- 5 horas do último momento assintomático conhecido
- TC sem hemorragia + **área de penumbra significativa na perfusão**

Esse perfil é candidato ideal para terapia de reperfusão guiada por imagem.

---

## 🔍 ANÁLISE DAS ALTERNATIVAS

### ✅ Alternativa E — CORRETA
> *""Considerar trombólise, uma vez que protocolos avançados permitem trombolisar se houver ressonância magnética de crânio com DWI/FLAIR mismatch""*

**Perfeita.** Os estudos WAKE-UP e EXTEND estabeleceram que pacientes com:
- Janela terapêutica estendida (4,5–9h) ou desconhecida
- Evidência de tecido viável por neuroimagem (mismatch)

...podem se beneficiar de trombólise intravenosa com alteplase. O DWI-FLAIR mismatch funciona como um ""relógio tecidual"", identificando pacientes cujo cérebro ainda está dentro da janela biológica de salvamento, mesmo que o relógio cronológico já tenha ultrapassado 4,5h.

A questão menciona ""área de penumbra significativa"" na TC de perfusão, o que já indica tecido salvável. A alternativa complementa corretamente citando o critério de RM.

---

### ❌ Alternativa A — INCORRETA
> *""Iniciar anticoagulação oral imediata""*

**Erro grave.** A anticoagulação **nunca** é tratamento da fase aguda do AVC isquêmico. Motivos:

1. **Risco de transformação hemorrágica** — o tecido isquêmico tem barreira hematoencefálica comprometida
2. **Sem benefício comprovado** — estudos clássicos (IST, CAST) não demonstraram benefício de heparina/anticoagulantes na fase aguda
3. **Timing correto:** anticoagulação (quando indicada, como em FA) deve ser iniciada **após 24-72h** em AVCs pequenos, ou **após 1-2 semanas** em AVCs extensos, sempre após excluir transformação hemorrágica

---

### ❌ Alternativa B — INCORRETA
> *""Apenas suporte clínico e posteriormente investigação da etiologia do AVE""*

**Conduta omissa e desatualizada.** Essa seria a resposta ""correta"" antes dos estudos de janela estendida, quando se acreditava que após 4,5h nada mais poderia ser feito além de suporte.

Atualmente, com evidência de penumbra isquêmica, **há indicação de terapia de reperfusão**. Deixar de oferecê-la significa privar o paciente de chance real de recuperação funcional.

Investigação etiológica é importante, mas **não substitui** o tratamento agudo quando indicado.

---

### ❌ Alternativa C — INCORRETA
> *""Craniectomia descompressiva, a fim de reduzir a hipertensão intracraniana""*

**Indicação incorreta neste momento.** A craniectomia descompressiva tem papel no AVC isquêmico, mas em contexto específico:

- **Infarto maligno de ACM** (geralmente >50% do território)
- **Edema cerebral com efeito de massa e herniação iminente**
- Tipicamente indicada **24-48h após o ictus**, quando o edema atinge seu pico

No caso apresentado:
- Paciente está com 5h de evolução
- Não há menção a edema ou desvio de linha média
- A prioridade é **reperfusão**, não descompressão

---

### ❌ Alternativa D — INCORRETA
> *""Não indicar trombólise, pois acima de 4,5 horas sempre está contraindicado""*

**Afirmação obsoleta.** Esta era a verdade até 2018. Após os estudos WAKE-UP, EXTEND, DAWN e DEFUSE 3, sabemos que:

- A janela de 4,5h é o limite para trombólise **sem imagem avançada**
- **Com imagem avançada** demonstrando tecido viável, a janela pode ser estendida para até 9h (trombólise) ou 24h (trombectomia)

O termo ""sempre"" é o grande erro da alternativa — em medicina, especialmente em AVC, absolutismos temporais estão sendo substituídos por avaliação individualizada baseada em imagem.

---

## 💡 DICA DE PROVA

> **""Passou de 4,5h? Não desista — procure o MISMATCH!""**

Para provas de residência, grave:

| Situação | Conduta |
|----------|---------|
| < 4,5h + sem contraindicações | Trombólise IV (não"
"1","47","📋 QUESTÃO 47 — TRATAMENTO DA INSUFICIÊNCIA CARDÍACA COM FRAÇÃO DE EJEÇÃO REDUZIDA (ICFEr)

🏥 Banca: Prova sem nome | Ano: não informado | Especialidade: Cardiologia

━━━━━━━━━━━━━━━━━━━━━━━━━━━━━━━━━━━━━━
🎯 GABARITO: Alternativa D
✅ ATUALIZADA
━━━━━━━━━━━━━━━━━━━━━━━━━━━━━━━━━━━━━━

## 📝 COMENTÁRIO GERAL

Esta questão aborda um dos temas mais cobrados em provas de residência: a **otimização terapêutica da ICFEr**. O caso apresenta um paciente com o ""tripé clássico"" já instituído (betabloqueador + IECA + antagonista mineralocorticoide), mas que permanece sintomático (NYHA III) e com internação recente por descompensação.

### O Paradigma Atual: Os ""4 Pilares"" da ICFEr

A terapia modificadora de doença na ICFEr evoluiu do ""tripé"" para os **quatro pilares fundamentais**, todos com evidência classe I para redução de mortalidade e hospitalização:

| Pilar | Classe | Exemplos |
|-------|--------|----------|
| 1. Betabloqueador | BB | Carvedilol, bisoprolol, metoprolol succinato |
| 2. Inibidor do SRAA | IECA/BRA → **ARNI** | Enalapril → **Sacubitril/valsartana** |
| 3. Antagonista mineralocorticoide | ARM | Espironolactona, eplerenona |
| 4. **Inibidor SGLT2** | iSGLT2 | **Empagliflozina, dapagliflozina** |

A Diretriz Brasileira de IC (SBC 2021-2023) e as diretrizes internacionais (ESC 2021, AHA 2022) incorporaram os **iSGLT2** como pilar obrigatório, independentemente da presença de diabetes, baseando-se nos estudos **DAPA-HF** e **EMPEROR-Reduced**.

### Análise do Caso

O paciente possui:
- ✅ Betabloqueador (carvedilol)
- ✅ IECA (enalapril)
- ✅ ARM (espironolactona)
- ❌ **Falta o iSGLT2** — próximo passo obrigatório
- ⏳ Candidato a troca de IECA por ARNI (após estabilização)

**Por que não indicar TRC (ressincronizador)?**
O QRS é de **112 ms** — abaixo do ponto de corte para TRC, que exige **QRS ≥ 130 ms** (idealmente ≥ 150 ms com morfologia de BRE) segundo as diretrizes atuais.

---

## 🔍 ANÁLISE DAS ALTERNATIVAS

### ✅ Alternativa D — CORRETA
> *""Introduzir inibidor SGLT2 (por exemplo empagliflozina), e após estabilização clínica avaliar a troca de IECA por sacubitril/valsartana (ARNI).""*

**Perfeita sequência terapêutica:**

1. **Adicionar iSGLT2 imediatamente:** Os estudos DAPA-HF e EMPEROR-Reduced demonstraram redução de ~25% no desfecho combinado de morte cardiovascular + hospitalização por IC, **independentemente de diabetes**. Podem ser iniciados mesmo durante a internação, com perfil de segurança favorável.

2. **Trocar IECA por ARNI após estabilização:** O estudo PARADIGM-HF mostrou superioridade do sacubitril/valsartana sobre enalapril (redução de 20% em morte CV). A troca deve ser feita:
   - Após **36 horas de washout** do IECA (risco de angioedema)
   - Com paciente **euvolêmico e estável**
   - PA sistólica **≥ 100 mmHg**

---

### ❌ Alternativa A — INCORRETA
> *""Suspender a espironolactona e iniciar ivabradina.""*

**Dois erros graves:**

1. **Suspender espironolactona é contraindicado:** O ARM é um dos 4 pilares com benefício de mortalidade comprovado (estudo RALES). A função renal está estável (Cr 1,3) e não há menção a hipercalemia — não há justificativa para suspensão.

2. **Ivabradina não é prioridade aqui:** A ivabradina é indicada para pacientes em ritmo sinusal com **FC ≥ 70 bpm** apesar de betabloqueador em dose máxima tolerada (estudo SHIFT). O enunciado não menciona a FC do paciente, e mesmo que estivesse elevada, o iSGLT2 teria prioridade por maior impacto em desfechos.

---

### ❌ Alternativa B — INCORRETA
> *""Avaliar o uso de inotrópico, com infusão ambulatorial crônica para melhora dos sintomas.""*

**Conduta potencialmente deletéria:**

O uso crônico de inotrópicos (dobutamina, milrinona) está associado a **aumento de mortalidade** por arritmias e isquemia miocárdica. As diretrizes reservam essa estratégia apenas como:
- **Ponte para transplante cardíaco** ou dispositivo de assistência ventricular
- **Cuidados paliativos** em pacientes sem outras opções

O paciente do caso ainda tem opções terapêuticas a serem otimizadas — não é candidato a inotrópico crônico.

---

### ❌ Alternativa C — INCORRETA
> *""Trocar carvedilol por um betabloqueador cardiosseletivo (bisoprolol) como primeira medida.""*

**Não há benefício nessa troca:**

Tanto o carvedilol quanto o bisoprolol têm **evidência classe I** na ICFEr. A escolha entre eles é baseada em:
- Perfil de efeitos colaterais
- Comorbidades (ex: DPOC grave pode favorecer bisoprolol)
- Tolerância individual

O carvedilol, apesar de não seletivo, tem propriedades antioxidantes adicionais. **Trocar um BB por outro não adiciona benefício prognóstico** — o paciente precisa de uma **nova classe terapêutica** (iSGLT2).

---

### ❌ Alternativa E — INCORRETA
> *""Realizar a troca de enalapril e espironolactona, e iniciar vasodilatadores que reduzem pré e pós carga como hidralazina e monocordil.""*

**Múltiplos erros:**

1. **Suspender IECA e ARM sem justificativa:** Ambos são pilares do tratamento com benefício de mortalidade.

2. **Hidralazina + nitrato não é primeira linha:** A combinação H-ISDN (hidralazina + dinitrato de isossorbida) tem indicações específicas:
   - **Intolerância a IECA/BRA/ARNI** (angioedema, IRA grave)
   - **Pacientes autodeclarados negros** com IC sintomática ap"
"1","48","📋 QUESTÃO 48 — FIBRILAÇÃO ATRIAL COM INSTABILIDADE HEMODINÂMICA

🏥 Banca: Prova sem nome | Ano: não informado | Especialidade: Cardiologia / Emergência

━━━━━━━━━━━━━━━━━━━━━━━━━━━━━━━━━━━━━━
🎯 GABARITO: Alternativa B
✅ ATUALIZADA
━━━━━━━━━━━━━━━━━━━━━━━━━━━━━━━━━━━━━━

## 📝 COMENTÁRIO GERAL

O caso apresenta um paciente com **taquiarritmia instável** — o cenário clássico de emergência cardiovascular que exige reconhecimento imediato e conduta assertiva.

**Análise do quadro:**
| Parâmetro | Valor | Interpretação |
|-----------|-------|---------------|
| PA | 160/70 mmHg | Pressão de pulso alargada |
| FC | 160 bpm | Taquicardia significativa |
| FR | 32 irpm | Taquipneia |
| SatO₂ | 88% | Hipoxemia |
| Ausculta | Estertores até 1/3 médio bilateral | **Edema agudo de pulmão** |
| ECG | Ausência de onda P + ritmo irregular | **Fibrilação Atrial (FA)** |

### 🔑 Conceito Central: Instabilidade Hemodinâmica

O paciente apresenta **sinais de instabilidade** secundários à taquiarritmia:
- ✓ Congestão pulmonar / Edema agudo de pulmão
- ✓ Hipoxemia (SatO₂ 88%)
- ✓ Dispneia intensa

Segundo as diretrizes da **AHA/ACLS** e da **Diretriz Brasileira de Arritmias Cardíacas (SBC)**, a presença de **instabilidade hemodinâmica** em taquiarritmias indica **cardioversão elétrica sincronizada imediata**, independentemente do ritmo específico.

### ⚡ Energia para Cardioversão na FA

| Tipo de Desfibrilador | Energia Recomendada |
|-----------------------|---------------------|
| **Monofásico** | **200J** (inicial) |
| **Bifásico** | 120-200J (conforme fabricante) |

> A FA, por ser um ritmo **irregular e desorganizado**, requer **maior energia** para cardioversão quando comparada a taquicardias regulares como o flutter atrial (que responde bem a 50-100J).

---

## 🔍 ANÁLISE DAS ALTERNATIVAS

### ✅ Alternativa B — CORRETA
**""Cardioversão elétrica com 200J no desfibrilador monofásico""**

Conduta absolutamente correta. O paciente apresenta:
1. **FA identificada no ECG** (ausência de P + ritmo irregular)
2. **Instabilidade hemodinâmica** (edema agudo de pulmão com hipoxemia)

A cardioversão elétrica sincronizada com **200J em aparelho monofásico** é a energia inicial recomendada para FA pelo ACLS. A sincronização é fundamental para evitar que o choque caia no período vulnerável (onda T) e induza fibrilação ventricular.

---

### ❌ Alternativa A — INCORRETA
**""Cardioversão elétrica com 50J no desfibrilador monofásico""**

**Erro:** Energia insuficiente para FA.

A carga de **50J** é apropriada para:
- **Flutter atrial** (ritmo organizado, mais fácil de converter)
- **Taquicardia supraventricular paroxística (TSVP)** regular

A FA, por sua natureza caótica com múltiplos circuitos de reentrada atrial, necessita de energia significativamente maior. Usar 50J resultaria provavelmente em **falha da cardioversão**, atrasando o tratamento definitivo.

---

### ❌ Alternativa C — INCORRETA
**""Realizar manobra vagal; se não responder, adenosina 6mg EV""**

**Erro:** Conduta inadequada para FA e para paciente instável.

- **Manobras vagais e adenosina** são indicadas para **taquicardias supraventriculares regulares** (TSVP por reentrada nodal ou via acessória), onde interrompem o circuito no nó AV.

- Na **FA**, a adenosina pode até reduzir transitoriamente a resposta ventricular, mas **não converte o ritmo** — o problema está nos átrios, não no nó AV.

- Mais importante: em paciente **instável**, não se deve perder tempo com medidas farmacológicas. A cardioversão elétrica é prioritária.

---

### ❌ Alternativa D — INCORRETA
**""Investigar causas secundárias que possam estar levando ao aumento da FC""**

**Erro:** Conduta inadequada para emergência com instabilidade.

Embora investigar causas secundárias de FA (hipertireoidismo, sepse, TEP, distúrbios eletrolíticos, etc.) seja importante, isso deve ser feito **APÓS a estabilização do paciente**.

O princípio do ACLS é claro:
> **""Trate primeiro o paciente, não o monitor""** — mas quando a arritmia É a causa da instabilidade, **trate a arritmia imediatamente**.

Postergar a cardioversão para investigação diagnóstica em paciente com EAP e hipoxemia pode ser fatal.

---

### ❌ Alternativa E — INCORRETA
**""Amiodarona dose de ataque, seguido de manutenção...""**

**Erro:** Controle farmacológico não é primeira linha em paciente instável.

A amiodarona é um antiarrítmico útil para:
- Controle de frequência/ritmo em FA **estável**
- Manutenção pós-cardioversão
- Pacientes com contraindicação à cardioversão elétrica

No entanto, em paciente **hemodinamicamente instável**, a cardioversão elétrica é superior porque:

| Cardioversão Elétrica | Amiodarona IV |
|-----------------------|---------------|
| Efeito imediato | Início de ação: 15-30 min |
| Alta taxa de sucesso | Taxa de conversão menor |
| Resolve a causa da instabilidade rapidamente | Pode não converter a tempo |

A amiodarona poderia ser considerada **após** cardioversão bem-sucedida para manutenção do ritmo sinusal, ou se houver recorrência.

---

## 💡 DICA DE PROVA

**Memorize as energias de cardioversão sincronizada (ACLS):**

| Arritmia | Monofásico | Bifásico |
|----------|------------|----------|
| **TSV / Flutter** | 50-100J | 50-100J |
| **FA** | **200J** | 120-200J |
| **TV com pulso** | 100J | 100J |

> 🎯 **Macete:** ""**FA = Força Alta**"" → precisa de mais energia (200J monofásico)

**Critérios de instabilidade no ACLS (indicam cardioversão imediata):**
- **D**or torácica (isquemia)
- **D**ispneia (congestão/EAP)
- **D**iminuição do nível de consciência"
"1","49","📋 QUESTÃO 49 — SÍNDROME CORONARIANA AGUDA SEM SUPRA DE ST E OCLUSÃO CORONARIANA AGUDA (OMI)

🏥 Banca: Prova sem nome | Ano: não informado | Especialidade: Cardiologia / Emergência

━━━━━━━━━━━━━━━━━━━━━━━━━━━━━━━━━━━━━━
🎯 GABARITO: Alternativa E
✅ ATUALIZADA
━━━━━━━━━━━━━━━━━━━━━━━━━━━━━━━━━━━━━━

## 📝 COMENTÁRIO GERAL

Esta questão aborda um conceito contemporâneo e extremamente relevante na cardiologia de emergência: a **Oclusão Coronariana Aguda (OCA)** — ou **OMI (Occlusion Myocardial Infarction)** — que pode ocorrer **sem os critérios clássicos de supradesnivelamento de ST**.

### O Paradigma Tradicional vs. O Novo Paradigma

| Classificação Tradicional | Limitação |
|---------------------------|-----------|
| IAMCSST vs. IAMSSST | Baseada apenas no ECG inicial |
| Supra de ST → Cateterismo imediato | ~25-30% dos ""IAMSSST"" têm artéria ocluída |
| Sem supra → Estratificação | Pode atrasar reperfusão em casos de OMI |

O enunciado traz um dado importante: **50-60% dos pacientes com oclusão coronariana aguda não preenchem critérios tradicionais de IAMCSST**. Isso ocorre porque:

- Oclusões em territórios ""eletricamente silenciosos"" (circunflexa)
- Circulação colateral desenvolvida
- Oclusão intermitente
- Padrões eletrocardiográficos equivalentes de supra (infra em aVR, de Winter, Wellens)

### Conduta no IAMSSST / SCA sem supra de ST

A abordagem correta envolve:

1. **Estratificação de risco** (escores HEART, TIMI, GRACE)
2. **ECG seriados** (a cada 15-30 min se dor persistente)
3. **Marcadores de necrose miocárdica** (troponina, idealmente ultrassensível)
4. **Busca ativa de padrões eletrocardiográficos de OMI**:
   - Padrão de **de Winter** (infra de ST ascendente + onda T apiculada em precordiais)
   - Padrão de **Wellens** (inversão bifásica ou profunda de T em V2-V3)
   - **Infra de ST em aVR** com supra difuso (lesão de tronco/trivascular)
   - **Supra de ST em aVR** com infra difuso
   - Alterações sutis de ST-T em parede inferior/lateral

---

## 🔍 ANÁLISE DAS ALTERNATIVAS

### ✅ Alternativa E — CORRETA
> *""Estratificar o risco do paciente, realizar eletrocardiograma seriados, coletar marcadores de necrose miocárdica e procurar ativamente no eletrocardiograma novos padrões que sugiram obstrução coronariana aguda.""*

**Perfeita!** Esta é a conduta preconizada pelas diretrizes da SBC e ESC para SCA sem supra de ST:

- **Estratificação de risco**: define tempo até estratégia invasiva (imediata, precoce <24h, ou eletiva)
- **ECG seriados**: podem revelar evolução dinâmica ou padrões de OMI
- **Troponina**: confirma necrose e auxilia na estratificação
- **Busca ativa de equivalentes de supra**: evita que pacientes com OMI sejam subtratados

---

### ❌ Alternativa A — INCORRETA
> *""Está indicado trombólise química (rt-PA) imediata.""*

**Erro grave!** A trombólise farmacológica está **contraindicada** no IAMSSST/SCA sem supra de ST. As razões são:

- Não há benefício comprovado (estudos TIMI IIIB, GUSTO IIb)
- **Aumenta risco de sangramento** sem reduzir mortalidade
- A fisiopatologia do IAMSSST frequentemente envolve trombo não oclusivo ou placa instável

⚠️ **Trombólise só está indicada no IAMCSST quando não há acesso a ICP primária em tempo hábil.**

---

### ❌ Alternativa B — INCORRETA
> *""Deve ser encaminhado a estratégia invasiva imediata.""*

**Incorreta como conduta universal.** A estratégia invasiva **imediata** (<2 horas) no IAMSSST está reservada para pacientes de **muito alto risco**:

| Critérios para Estratégia Invasiva Imediata |
|---------------------------------------------|
| Instabilidade hemodinâmica / choque cardiogênico |
| Dor torácica refratária ao tratamento clínico |
| Arritmias ventriculares malignas |
| Complicações mecânicas do IAM |
| Insuficiência cardíaca aguda relacionada à SCA |
| Alterações dinâmicas recorrentes de ST-T |

**Sem esses critérios**, a conduta é estratificar primeiro e definir o timing da invasiva (precoce em <24h para alto risco, ou mais tardia para risco intermediário/baixo).

---

### ❌ Alternativa C — INCORRETA
> *""Deve ser realizada uma angiotomografia de coronárias a fim de estabelecer o diagnóstico.""*

**Incorreta no contexto de SCA com dor típica.** A angioTC de coronárias tem papel em:

- Dor torácica aguda com **probabilidade baixa/intermediária** de SCA
- Pacientes com **ECG não diagnóstico E troponina negativa**
- Exclusão de doença coronariana em cenários de baixa probabilidade

Em paciente com **dor torácica típica**, a angioTC **não é o exame de escolha** — a estratificação clínica + ECG seriado + troponina é mais apropriada. Se confirmada SCA, o padrão-ouro é a **coronariografia invasiva**.

---

### ❌ Alternativa D — INCORRETA
> *""Paciente deve ser encaminhado imediatamente para UTI para iniciar droga inotrópica a fim de melhorar perfusão tecidual e estabilização clínica.""*

**Incorreta e potencialmente deletéria.** Esta alternativa assume que o paciente está em **choque cardiogênico**, o que:

- Não foi descrito no enunciado
- Inotrópicos **aumentam consumo miocárdico de O₂** e podem piorar isquemia
- A conduta no choque cardiogênico por SCA é **revascularização urgente**, não apenas suporte inotrópico

Inotrópicos (dobutamina, milrinona) são reservados para pacientes com **disfunção ventricular grave e baixo débito**, como ponte para terapia definitiva.

---

## 💡 DICA DE PROVA

> **""Sem supra ≠ sem oclusão""**
> 
> Memorize os **equivalentes de IAMCSST"
"1","50","📋 QUESTÃO 50 — FEBRE DE ORIGEM OBSCURA (FOO)

🏥 Banca: Prova sem nome | Ano: não informado | Especialidade: Clínica Médica / Infectologia

━━━━━━━━━━━━━━━━━━━━━━━━━━━━━━━━━━━━━━
🎯 GABARITO: Alternativa E
✅ ATUALIZADA
━━━━━━━━━━━━━━━━━━━━━━━━━━━━━━━━━━━━━━

📝 COMENTÁRIO GERAL

A **Febre de Origem Obscura (FOO)** é um conceito clássico em medicina interna, com critérios bem estabelecidos que evoluíram desde a definição original de Petersdorf e Beeson (1961). A questão cobra conhecimento detalhado sobre a definição atual, etiologias em populações específicas e causas de endocardite com cultura negativa.

**Definição clássica de FOO (critérios de Durack e Street, 1991):**
- Febre **> 38,3°C** (não 37,8°C) em várias ocasiões
- Duração **> 3 semanas** (não 1 semana)
- **Ausência de imunocomprometimento** (pacientes imunossuprimidos têm categoria própria: FOO associada à imunodeficiência)
- Diagnóstico incerto após investigação inicial adequada

A questão apresenta **três afirmativas com erros conceituais**, tornando todas incorretas.

━━━━━━━━━━━━━━━━━━━━━━━━━━━━━━━━━━━━━━

🔍 ANÁLISE DAS ALTERNATIVAS

✅ **Alternativa E — CORRETA**
Todas as três afirmativas contêm erros, conforme análise detalhada abaixo.

━━━━━━━━━━━━━━━━━━━━━━━━━━━━━━━━━━━━━━

❌ **Alternativa A** — INCORRETA
Afirma que I e II estão corretas, mas ambas contêm erros.

❌ **Alternativa B** — INCORRETA
Afirma que I e III estão corretas, mas ambas contêm erros.

❌ **Alternativa C** — INCORRETA
Afirma que II e III estão corretas, mas ambas contêm erros.

❌ **Alternativa D** — INCORRETA
Afirma que todas estão corretas, quando na verdade todas estão incorretas.

━━━━━━━━━━━━━━━━━━━━━━━━━━━━━━━━━━━━━━

📊 **ANÁLISE DETALHADA DAS AFIRMATIVAS**

**❌ AFIRMATIVA I — INCORRETA**

> *""Na população idosa três diagnósticos possíveis de FOO: arterite de células temporais associada à polimialgia reumática, doença de Still e neoplasia colorretal...""*

**Erro:** A **Doença de Still** (artrite idiopática juvenil sistêmica / doença de Still do adulto) **NÃO** é causa típica de FOO em idosos.

| Faixa Etária | Principais Causas de FOO |
|--------------|--------------------------|
| **Idosos (>65 anos)** | Arterite temporal/PMR, neoplasias (linfoma, CA colorretal), tuberculose, abscessos ocultos |
| **Adultos jovens** | Doença de Still do adulto, LES, doenças infecciosas |

A Doença de Still do adulto tem pico de incidência **bimodal: 15-25 anos e 36-46 anos**, sendo incomum em idosos.

━━━━━━━━━━━━━━━━━━━━━━━━━━━━━━━━━━━━━━

**❌ AFIRMATIVA II — INCORRETA**

> *""A endocardite com culturas negativas pode ser causada por bactérias de difícil cultivo, como bactérias nutricionalmente variantes, os microrganismos do grupo HACEK.""*

**Erro:** O texto sugere que **HACEK = bactérias nutricionalmente variantes**, o que é **FALSO**.

São categorias **distintas**:

| Categoria | Microrganismos | Características |
|-----------|----------------|-----------------|
| **Bactérias nutricionalmente variantes** | *Abiotrophia*, *Granulicatella* | Requerem piridoxina ou cisteína para crescer |
| **Grupo HACEK** | **H**aemophilus, **A**ggregibacter, **C**ardiobacterium, **E**ikenella, **K**ingella | Bacilos Gram-negativos fastidiosos, mas **NÃO** são nutricionalmente variantes |

Ambos podem causar endocardite com culturas inicialmente negativas, mas por mecanismos diferentes. A afirmativa comete erro ao equipará-los.

━━━━━━━━━━━━━━━━━━━━━━━━━━━━━━━━━━━━━━

**❌ AFIRMATIVA III — INCORRETA**

> *""FOO é definida como febre > 37,8°C... duração > 1 semana... presença de imunocomprometimento conhecido...""*

**Múltiplos erros:**

| Critério | ❌ Na Afirmativa | ✅ Correto |
|----------|------------------|-----------|
| **Temperatura** | > 37,8°C | **> 38,3°C** |
| **Duração** | > 1 semana | **> 3 semanas** |
| **Imunidade** | Presença de imunocomprometimento | **AUSÊNCIA** de imunocomprometimento |

⚠️ **Ponto crucial:** A presença de imunocomprometimento **EXCLUI** o diagnóstico de FOO clássica. Pacientes imunossuprimidos são classificados em categoria própria: **""FOO associada à imunodeficiência""** ou **""FOO nosocomial""** (se hospitalizados).

A lista de exames apresentada na afirmativa está razoavelmente adequada para investigação inicial, mas os critérios definidores estão errados.

━━━━━━━━━━━━━━━━━━━━━━━━━━━━━━━━━━━━━━

💡 **DICA DE PROVA**

**Critérios clássicos de FOO — memorize os números:**
> **""38,3 - 3 - 3""**
> - Febre **> 38,3°C**
> - Duração **> 3 semanas**
> - **3 consultas** ambulatoriais OU **3 dias** de internação sem diagnóstico

**Principais causas de endocardite com cultura negativa:**
> **""HACEK não é variante nutricional!""**
> - HACEK: bacilos Gram-negativos fastidiosos
> - Variantes nutricionais: *Abiotrophia*, *Granulicatella*
> - Outras: *Coxiella burnetii*, *Bartonella*, *Brucella*, fungos

**Categorias de FOO (Durack e Street):**
1. FOO clássica (imunocompetente, ambulatorial)
2. FOO nosocomial (hospitalizado > 3"
"1","51","📋 QUESTÃO 51 — CÂNCER DE PELE NÃO MELANOMA (CPNM)

🏥 Banca: Prova sem nome | Ano: não informado | Especialidade: Dermatologia / Oncologia Cutânea

━━━━━━━━━━━━━━━━━━━━━━━━━━━━━━━━━━━━━━
🎯 GABARITO: Alternativa E (VVVV)
✅ ATUALIZADA
━━━━━━━━━━━━━━━━━━━━━━━━━━━━━━━━━━━━━━

## 📝 COMENTÁRIO GERAL

O câncer de pele não melanoma (CPNM) representa a neoplasia maligna mais frequente no Brasil e nos Estados Unidos, sendo tema recorrente em provas de residência. A questão aborda aspectos epidemiológicos, fatores de risco, localização e características clínico-dermatoscópicas dos dois principais subtipos: **carcinoma basocelular (CBC)** e **carcinoma de células escamosas (CCE)**.

**Pontos-chave para a prova:**

| Característica | CBC | CCE |
|----------------|-----|-----|
| **Frequência** | 70-80% dos CPNM | ~20% dos CPNM |
| **Origem celular** | Células basais pluripotentes | Queratinócitos |
| **Potencial metastático** | Muito baixo (<0,5%) | Maior (2-6%) |
| **Principal fator de risco** | Radiação UV | Radiação UV + tabagismo (lábio) |

---

## 🔍 ANÁLISE DAS AFIRMATIVAS

### ✅ Afirmativa I — VERDADEIRA

> *""Os carcinomas basocelulares (CBC) são responsáveis por 70 a 80% dos casos, enquanto os carcinomas de células escamosas (CCE) representam 20% dos casos.""*

**Correto.** Esta é a distribuição epidemiológica clássica do CPNM:
- **CBC: 70-80%** — tumor maligno cutâneo mais comum
- **CCE: ~20%** — segundo mais frequente
- Outros (carcinoma de Merkel, dermatofibrossarcoma, etc.): <5%

Esses números são consistentes nas literaturas brasileira (SBD) e internacional (AAD).

---

### ✅ Afirmativa II — VERDADEIRA

> *""A maioria dos tumores se desenvolve em áreas da cabeça e do pescoço expostas ao sol. O risco de CCE labial ou oral aumenta com o tabagismo e, à semelhança do CCE da orelha, apresenta prognóstico mais sombrio do que aquele observado em outros locais do corpo.""*

**Correto.** Vários conceitos importantes aqui:

1. **Localização preferencial:** Cerca de 80% dos CPNM ocorrem em áreas fotoexpostas (cabeça e pescoço), refletindo o papel central da **radiação ultravioleta** na carcinogênese.

2. **CCE labial e tabagismo:** O lábio inferior é particularmente vulnerável pela combinação de exposição solar + efeitos carcinogênicos do tabaco. A queilite actínica é lesão precursora frequente.

3. **Prognóstico mais sombrio em localizações específicas:**
   - **CCE de lábio:** taxa de metástase de 10-15%
   - **CCE de orelha (pavilhão auricular):** taxa de metástase de 8-15%
   - **CCE em outras localizações cutâneas:** taxa de metástase de 2-5%

Essas localizações são consideradas **CCE de alto risco** pelo NCCN e pela literatura dermatológica, exigindo margens cirúrgicas maiores e seguimento mais rigoroso.

---

### ✅ Afirmativa III — VERDADEIRA

> *""O carcinoma basocelular (CBC) é uma neoplasia cutânea que se origina de células basais epiteliais imaturas pluripotentes, que perderam sua capacidade de diferenciação e queratização normais. A forma nódulo-ulcerativa é mais comum, geralmente única, acomete sobretudo cabeça e pescoço. Caracteriza-se como pápula ou nódulo com aspecto perolado, muitas vezes com telangiectasias de padrão característico à dermatoscopia.""*

**Correto.** Esta afirmativa é um resumo preciso do CBC:

**Histogênese:**
- Origina-se de células **pluripotentes da camada basal** da epiderme ou do folículo piloso
- Perda da capacidade de diferenciação terminal e queratinização

**Subtipo mais comum:**
- **Nódulo-ulcerativo (nodular):** 60-70% dos casos
- Outros: superficial, esclerodermiforme/infiltrativo, pigmentado

**Características clínicas clássicas:**
- Pápula ou nódulo de aspecto **perolado/translúcido**
- **Telangiectasias arboriformes** na superfície
- Borda elevada (""em colar de pérolas"")
- Ulceração central em casos avançados

**Dermatoscopia típica do CBC:**
- Telangiectasias arboriformes (vasos ramificados)
- Estruturas em folha de bordo
- Ninhos ovoides azul-acinzentados
- Glóbulos azuis
- Áreas em roda de carroça

---

## 🔍 ANÁLISE DAS ALTERNATIVAS

### ❌ Alternativa A (VFFV) — INCORRETA
Considera as afirmativas II e III como falsas, o que não procede conforme análise acima.

### ❌ Alternativa B (VVFF) — INCORRETA
Considera a afirmativa III como falsa. A descrição histogenética e clínica do CBC está correta.

### ❌ Alternativa C (FFFF) — INCORRETA
Considera todas as afirmativas falsas, o que contradiz dados epidemiológicos e clínicos bem estabelecidos.

### ❌ Alternativa D (VVVF) — INCORRETA
Não há quarta afirmativa na questão para ser classificada como falsa. Se a banca considerou apenas três afirmativas, esta alternativa não faz sentido lógico.

### ✅ Alternativa E (VVVV) — CORRETA
Todas as três afirmativas apresentadas estão corretas. A sequência VVVV sugere que a banca pode ter considerado uma quarta afirmativa não transcrita ou que o padrão de resposta contempla as três como verdadeiras.

---

## 💡 DICA DE PROVA

**""CBC = Brilhante, Calmo e Bonito""**
- **Brilhante:** aspecto perolado/translúcido
- **Calmo:** crescimento lento, baixíssimo potencial metastático
- **Bonito:** telangiectasias arboriformes visíveis

**Localizações de ALTO RISCO para CCE (maior chance de metástase):**
- **Lábio**
- **Orelha**
- **Cicatrizes** (úlcera de Marjolin)
- **Áreas de radiação prévia**
- **Imunossuprimidos**

> ⚠️ **Atenção:** Diferentemente do CBC, o CCE tem potencial metastático real, especialmente nas localizações de alto r"
"1","52","📋 QUESTÃO 52 — NEOPLASIAS MIELOPROLIFERATIVAS CRÔNICAS (NMPs)

🏥 Banca: Prova sem nome | Ano: não informado | Especialidade: Hematologia

━━━━━━━━━━━━━━━━━━━━━━━━━━━━━━━━━━━━━━
🎯 GABARITO: Alternativa A
✅ ATUALIZADA
━━━━━━━━━━━━━━━━━━━━━━━━━━━━━━━━━━━━━━

## 📝 COMENTÁRIO GERAL

As **neoplasias mieloproliferativas BCR-ABL1 negativas** (ou ""sem fenótipo mielocítico"") compreendem a **Policitemia Vera (PV)**, a **Trombocitemia Essencial (TE)** e a **Mielofibrose Primária (MFP)**. Todas compartilham origem clonal em célula-tronco hematopoiética e frequente associação com mutações driver — especialmente **JAK2 V617F** (presente em ~95% das PV e 50-60% das TE/MFP), além de CALR e MPL.

O ponto central desta questão é a compreensão de um **paradoxo clínico clássico**: na trombocitemia essencial com plaquetose extrema (>1.000.000-1.500.000/mm³), o risco predominante não é trombótico, mas sim **hemorrágico**, devido à **Doença de von Willebrand adquirida (DvWa)**. Este fenômeno ocorre porque os multímeros de alto peso molecular do fator de von Willebrand (FvW) são adsorvidos e clivados pelas plaquetas em excesso, gerando um estado funcional semelhante ao da DvW tipo 2A.

---

## 🔍 ANÁLISE DAS ALTERNATIVAS

### ✅ Alternativa A — CORRETA

> *""Na trombocitose essencial, em contagens de plaquetas muito elevadas, especialmente quando acima de 1.000.000/mm³, existe risco elevado de hemorragia causada por doença de von Willebrand.""*

**Perfeito.** Este é um conceito fundamental e frequentemente cobrado:

| Contagem plaquetária | Risco predominante |
|----------------------|-------------------|
| 400.000-1.000.000/mm³ | **Trombótico** (arterial > venoso) |
| >1.000.000-1.500.000/mm³ | **Hemorrágico** (DvW adquirida) |

**Mecanismo:** A trombocitose extrema causa consumo/adsorção dos multímeros de alto peso molecular do FvW, resultando em deficiência funcional. Clinicamente, manifesta-se com sangramento mucocutâneo (epistaxe, gengivorragia, equimoses). O diagnóstico é confirmado pela dosagem da **atividade do cofator de ristocetina** (reduzida) e análise dos multímeros.

⚠️ **Implicação terapêutica:** Nestes pacientes, o uso de AAS está **contraindicado** até redução da contagem plaquetária, pois agravaria o sangramento.

---

### ❌ Alternativa B — INCORRETA

> *""A policitemia vera é limitada a eritrocitose isolada...""*

**Erro conceitual grave.** A PV é uma **panmielose** — há proliferação das três linhagens, embora a eritrocitose seja o achado dominante. Os critérios diagnósticos da OMS (2022) incluem:

- **Critérios maiores:**
  - Hemoglobina >16,5 g/dL (♂) ou >16 g/dL (♀) **OU** Hematócrito >49%/48%
  - Biópsia de MO com hipercelularidade trilinear (panmielose)
  - Mutação JAK2 V617F ou JAK2 éxon 12

- **Critério menor:**
  - Eritropoetina sérica subnormal

**Achados frequentes na PV:**
- Leucocitose (60-70% dos casos)
- Trombocitose (50% dos casos)
- **Esplenomegalia** (70% dos casos)
- Prurido aquagênico (40%)

Portanto, a presença de leucocitose, trombocitose ou esplenomegalia **não exclui** PV — pelo contrário, são achados esperados.

---

### ❌ Alternativa C — INCORRETA

> *""...a policitemia vera, a mais rara das três, tem a sintomatologia mais grave e agressiva...""*

**Múltiplos erros:**

1. **Epidemiologia invertida:** A PV **não é a mais rara**. A ordem de incidência aproximada é:
   - TE: ~1,5-2,5/100.000/ano (mais comum)
   - PV: ~1-2/100.000/ano
   - MFP: ~0,5-1/100.000/ano (mais rara)

2. **Gravidade:** A **mielofibrose primária** é a mais agressiva das três, com:
   - Sobrevida mediana de 5-7 anos (vs. >15 anos na TE e PV)
   - Maior taxa de transformação leucêmica (10-20%)
   - Sintomas constitucionais proeminentes desde o início
   - Esplenomegalia massiva

A PV tem curso relativamente indolente quando bem controlada (flebotomias + AAS ± citorredução).

---

### ❌ Alternativa D — INCORRETA

> *""A trombocitose essencial, que apresenta alta chance de evolução para leucemia mieloide aguda, requer tratamento, na maior parte dos casos envolvendo quimioterapia...""*

**Vários erros:**

1. **Transformação leucêmica:** A TE tem a **menor taxa** de transformação para LMA entre as três NMPs (<5% em 20 anos). Compare:
   - TE: <5%
   - PV: 5-10%
   - MFP: 10-20%

2. **Tratamento:** A maioria dos pacientes com TE **não requer quimioterapia**. O manejo é estratificado por risco:

| Risco | Critérios | Tratamento |
|-------|-----------|------------|
| **Muito baixo** | Idade ≤60 anos, sem mutação JAK2, sem história de trombose | Observação ± AAS |
| **Baixo** | Idade ≤60 anos, com JAK2, sem trombose | AAS |
| **Intermediário** | Idade >60 anos, sem JAK2, sem trombose | AAS |
| **Alto** | Idade >60 anos com JAK2 **OU** história de trombose | AAS + **Citorredução** |

3. **Citorredução ≠ Quimioterapia convencional:**
   - **1ª linha:** Hidroxiureia (agente citorredutora, não quimioterápico clássico)
   - **Alternativas:** Anagrelida, Interferon-alfa (preferido em jovens/gestantes)

4. **Transplante:** O TMO alogênico **não é indicado** na TE, exceto em raríssimos casos de transformação para mielofibrose ou LMA.

---

### ❌ Alternativa E — INCORRETA

>"
"1","53","📋 QUESTÃO 53 — SÍNDROME DA VEIA CAVA SUPERIOR

🏥 Banca: Prova sem nome | Ano: não informado | Especialidade: Oncologia / Pneumologia / Clínica Médica

━━━━━━━━━━━━━━━━━━━━━━━━━━━━━━━━━━━━━━
🎯 GABARITO: Alternativa B
✅ ATUALIZADA
━━━━━━━━━━━━━━━━━━━━━━━━━━━━━━━━━━━━━━

## 📝 COMENTÁRIO GERAL

A **Síndrome da Veia Cava Superior (SVCS)** é uma emergência oncológica clássica, caracterizada pela obstrução do fluxo sanguíneo através da veia cava superior, resultando em congestão venosa da cabeça, pescoço e membros superiores.

### Fisiopatologia
A VCS é um vaso de paredes finas, localizado no mediastino médio, circundado por estruturas rígidas (linfonodos, brônquio principal direito, aorta, artéria pulmonar e traqueia). Essa localização a torna vulnerável à compressão extrínseca ou invasão tumoral.

### Etiologia
- **Neoplasias malignas: 60-85% dos casos**
  - Carcinoma broncogênico (especialmente pequenas células): ~50%
  - Linfomas: ~10-15%
  - Tumores metastáticos mediastinais
- **Causas benignas: 15-40%** (em ascensão devido ao maior uso de dispositivos intravasculares)
  - Cateteres venosos centrais de longa permanência
  - Marca-passos/CDI
  - Trombose
  - Mediastinite fibrosante

### Quadro Clínico Típico
| Sintoma/Sinal | Frequência |
|---------------|------------|
| Edema facial | 80-90% |
| Edema de MMSS | 40-50% |
| Dispneia | 50-60% |
| Tosse | 50% |
| Dilatação venosa cervical/torácica | 40-60% |
| Pletora facial | 20-30% |
| **Piora com decúbito** | Característico |

---

## 🔍 ANÁLISE DAS ALTERNATIVAS

### ✅ Alternativa B — CORRETA

> *""Em geral, os pacientes com síndrome de veia cava superior apresentam edema da face e do pescoço e os sintomas são progressivos, mas, em alguns casos, eles podem melhorar com o desenvolvimento de circulação colateral.""*

**Perfeita!** Esta alternativa descreve com precisão dois aspectos fundamentais:

1. **Apresentação clínica típica**: edema facial e cervical são os achados mais frequentes (80-90%)

2. **História natural**: quando a obstrução se desenvolve **lentamente**, há tempo para formação de **circulação colateral** através de:
   - Veia ázigos
   - Veias mamárias internas
   - Veias torácicas laterais
   - Veias paravertebrais
   - Sistema venoso esofágico

Essa compensação pode aliviar parcialmente os sintomas, explicando por que nem todos os pacientes com SVCS apresentam quadro dramático. A velocidade de instalação é determinante: obstruções agudas (trombose) são mais sintomáticas que obstruções graduais (crescimento tumoral lento).

---

### ❌ Alternativa A — INCORRETA

> *""O achado mais significativo nas radiografias de tórax é o de derrame pleural, em geral localizado à direita.""*

**Erro conceitual**: O achado radiográfico mais comum na SVCS é o **alargamento do mediastino superior** (presente em ~60-80% dos casos), frequentemente associado a **massa mediastinal** ou **massa pulmonar hilar direita**.

O derrame pleural pode estar presente (especialmente em neoplasias avançadas), mas **não é o achado mais significativo** nem o mais frequente. Quando presente, pode ser bilateral ou unilateral (não necessariamente à direita).

**Achados radiográficos na SVCS:**
- Alargamento mediastinal superior (mais comum)
- Massa hilar direita
- Derrame pleural (menos específico)
- Radiografia normal em até 15% dos casos

---

### ❌ Alternativa C — INCORRETA

> *""Para seu diagnóstico é essencial a realização de exame de imagem - idealmente ressonância magnética de tórax e cervical, entretanto a tomografia de tórax pode ser considerada se impossibilidade de realização daquele exame.""*

**Erro**: A hierarquia está **invertida**!

O exame de imagem de escolha para SVCS é a **Tomografia Computadorizada (TC) de tórax com contraste**, não a RM.

**Vantagens da TC:**
- Maior disponibilidade e rapidez
- Excelente visualização do mediastino
- Identifica o nível e a causa da obstrução
- Permite avaliar circulação colateral
- Guia biópsia percutânea se necessário
- Estadiamento simultâneo

A **RM** pode ser útil em situações específicas (alergia a contraste iodado, avaliação de invasão vascular), mas **não é o exame de primeira linha**.

A **venografia** (padrão-ouro histórico) raramente é necessária atualmente.

---

### ❌ Alternativa D — INCORRETA

> *""O desenvolvimento de varizes esofágicas, particularmente no contexto de uso de cateter de hemodiálise, deve direcionar a investigação a outras etiologias como síndrome hepatorrenal...""*

**Múltiplos erros conceituais:**

1. **Varizes esofágicas na SVCS**: Podem ocorrer como parte da circulação colateral (sistema ázigos → veias esofágicas), mas são **consequência da SVCS**, não indicativo de outra etiologia.

2. **Síndrome hepatorrenal (SHR)**: É uma insuficiência renal funcional em pacientes com cirrose avançada e hipertensão portal. **Não causa deficiência de fatores de coagulação** — quem causa isso é a **insuficiência hepática** (a SHR é primariamente renal).

3. **Confusão fisiopatológica**: A alternativa mistura conceitos de hipertensão portal (cirrose) com obstrução de VCS, que são entidades completamente distintas.

Se um paciente com cateter de hemodiálise desenvolve SVCS, a causa mais provável é **trombose relacionada ao cateter**, não doença hepática.

---

### ❌ Alternativa E — INCORRETA

> *""...hoje sabe-se que existe predominância de etiologias benignas como uso de cateteres...""*

**Erro epidemiológico**: Embora as causas benignas estejam **em ascensão** (devido ao maior uso de dispositivos intravasculares), as **neoplasias malignas ainda são a causa predominante** de SVCS, correspondendo a **60-85% dos casos** na maioria das séries.

**Distribuição aproximada atual:**
- Neoplasias malignas: 60-85%
- Causas benignas (cateteres, marca-passos, trombose): 15-40%

A alternativa também menciona **Síndrome de Behçet** como causa frequente, o que é **incorreto**."
"1","54","📋 QUESTÃO 54 — SÍNDROMES PARANEOPLÁSICAS

🏥 Banca: Prova sem nome | Ano: não informado | Especialidade: Oncologia Clínica / Clínica Médica

━━━━━━━━━━━━━━━━━━━━━━━━━━━━━━━━━━━━━━
🎯 GABARITO: Alternativa A
✅ ATUALIZADA
━━━━━━━━━━━━━━━━━━━━━━━━━━━━━━━━━━━━━━

## 📝 COMENTÁRIO GERAL

As **síndromes paraneoplásicas** são manifestações clínicas causadas por substâncias produzidas pelo tumor (hormônios, citocinas, anticorpos) ou por reações imunológicas cruzadas, **não relacionadas diretamente à invasão tumoral local ou metástases**. Podem preceder o diagnóstico do câncer em meses a anos, servindo como ""bandeira vermelha"" clínica.

As principais categorias incluem:
- **Endócrinas**: hipercalcemia humoral, SIADH, síndrome de Cushing ectópica
- **Hematológicas**: trombocitose, granulocitose, eosinofilia, eritrocitose, CIVD
- **Neurológicas**: encefalite límbica, degeneração cerebelar, síndrome miastênica de Lambert-Eaton
- **Dermatológicas**: acantose nigricans maligna, dermatomiosite, síndrome de Leser-Trélat
- **Trombóticas**: síndrome de Trousseau (tromboflebite migratória)

O ponto central desta questão é diferenciar **alterações hematológicas reativas** (que não requerem tratamento específico) de síndromes que exigem intervenção direta.

---

## 🔍 ANÁLISE DAS ALTERNATIVAS

### ✅ Alternativa A — CORRETA
> *""Trombocitose, eosinofilia e granulocitose são achados frequentes em pacientes neoplásicos e, excluídas causas secundárias como infecções ou parasitoses, não requerem tratamento direto além do direcionado ao câncer.""*

**Perfeito.** As alterações hematológicas paraneoplásicas são mediadas por citocinas tumorais:
- **Trombocitose**: IL-6, trombopoetina → comum em CA pulmão, TGI, ovário
- **Granulocitose**: G-CSF, GM-CSF ectópicos → leucocitose sem desvio infeccioso
- **Eosinofilia**: IL-5 → linfomas, CA pulmão

Essas alterações são **reativas e benignas** do ponto de vista hematológico. O tratamento é direcionado à **neoplasia de base** — com a remissão tumoral, os valores tendem a normalizar. Não há indicação de citorredução específica.

---

### ❌ Alternativa B — INCORRETA
> *""A hipercalcemia humoral do câncer pode cursar com aumento acentuado do cálcio sérico (...) nestes casos observa-se grande aumento do PTH sérico.""*

**Erro conceitual grave.** Na hipercalcemia humoral maligna (HHM), o mecanismo é a produção tumoral de **PTHrP (peptídeo relacionado ao PTH)**, não do PTH verdadeiro.

| Parâmetro | Hiperparatireoidismo Primário | Hipercalcemia Humoral Maligna |
|-----------|------------------------------|-------------------------------|
| PTH | ↑ ou normal-alto | **↓ ou suprimido** |
| PTHrP | Normal | **↑↑↑** |
| Cálcio | ↑ | ↑↑ (frequentemente > 14 mg/dL) |

O PTHrP mimetiza as ações do PTH nos ossos e rins, mas **suprime o PTH endógeno** por feedback negativo. Tumores mais associados: **carcinoma epidermoide de pulmão, mama, rim, cabeça e pescoço**.

A descrição clínica (fadiga, alteração mental, desidratação) está correta — o erro está no PTH elevado.

---

### ❌ Alternativa C — INCORRETA
> *""Em neoplasias malignas onde ocorre produção ectópica de hCG é necessária a ablação completa de órgãos germinativos (...)""*

**Completamente incorreto.** A produção ectópica de β-hCG ocorre em tumores de células germinativas (testículo, ovário) e alguns carcinomas (pulmão, TGI, bexiga).

O tratamento é direcionado ao **tumor primário** (quimioterapia, cirurgia do tumor). **Não há indicação de ablação gonadal profilática** — isso não previne recidiva e causaria dano desnecessário. O hCG serve como **marcador tumoral** para monitoramento, não como indicação de gonadectomia.

---

### ❌ Alternativa D — INCORRETA
> *""(...) SIADH associada a neoplasia, no qual o excesso de vasopressina provoca níveis supra fisiológicos de sódio, chegando a níveis superiores a 150 mEq/L (...)""*

**Erro fisiopatológico fundamental — é o oposto!**

A SIADH (Síndrome da Secreção Inapropriada de ADH) causa **HIPONATREMIA**, não hipernatremia:
- Excesso de ADH → retenção hídrica → **diluição do sódio sérico**
- Sódio tipicamente **< 135 mEq/L**, podendo chegar a < 120 mEq/L em casos graves
- Osmolaridade sérica baixa + urina inapropriadamente concentrada

**Tumor clássico**: carcinoma de pequenas células de pulmão (até 15% dos casos).

Os sintomas descritos (fraqueza, letargia, náuseas, alteração mental, convulsões) estão corretos — são manifestações de **hiponatremia**, não hipernatremia.

---

### ❌ Alternativa E — INCORRETA
> *""(...) pacientes com diagnóstico neoplásico devem receber quimioprofilaxia contra TEV durante o tratamento, mesmo fora do ambiente hospitalar.""*

**Incorreto como regra geral.** A tromboprofilaxia farmacológica ambulatorial **NÃO é indicada universalmente** para todos os pacientes oncológicos.

**Indicações de tromboprofilaxia ambulatorial em câncer** (diretrizes ASCO/ISTH):
- Pacientes de **alto risco trombótico** (escore de Khorana ≥ 2)
- Tumores de alto risco: pâncreas, estômago, pulmão
- Uso de esquemas de alto risco (talidomida, lenalidomida + dexametasona)
- Pacientes com mieloma múltiplo em tratamento

A profilaxia **hospitalar** (internação, pós-operatório) segue indicações mais amplas, mas a **ambulatorial rotineira aumenta risco de sangramento** sem benefício claro em pacientes de baixo risco.

---

## 💡 DICA DE PROVA

**""PTH suprimido + hipercalcemia = pensar em malignidade (PTHrP)""**

Quando a banca apresentar hip"
"1","55","📋 QUESTÃO 55 — INFECÇÕES EM PACIENTES ONCOLÓGICOS E NEUTROPENIA FEBRIL

🏥 Banca: Prova sem nome | Ano: não informado | Especialidade: Oncologia / Infectologia

━━━━━━━━━━━━━━━━━━━━━━━━━━━━━━━━━━━━━━
🎯 GABARITO: Alternativa A
✅ ATUALIZADA
━━━━━━━━━━━━━━━━━━━━━━━━━━━━━━━━━━━━━━

## 📝 COMENTÁRIO GERAL

Esta questão aborda um tema de alta relevância clínica: o **manejo de infecções em pacientes oncológicos imunossuprimidos**, com ênfase em neutropenia febril e vacinação. Pacientes em quimioterapia apresentam imunossupressão significativa, tornando-os vulneráveis a infecções oportunistas e complicações graves.

Os principais conceitos cobrados são:
- **Contraindicação de vacinas de vírus/bactérias vivos** em imunossuprimidos
- **Manejo empírico da neutropenia febril** (quando usar vancomicina, quais antibióticos, possibilidade de tratamento ambulatorial)
- **Conduta frente a infecções de cateter venoso central**

As diretrizes de referência incluem os guidelines da **IDSA (Infectious Diseases Society of America)** para neutropenia febril e as recomendações do **CDC/ACIP** e **SBIm** para vacinação em imunossuprimidos.

---

## 🔍 ANÁLISE DAS ALTERNATIVAS

### ✅ Alternativa A — CORRETA
> *""Vacinas de vírus vivos (ou de bactérias vivas) não devem ser administradas a pacientes durante a quimioterapia intensiva, devido ao risco de infecção disseminada.""*

**Absolutamente correta.** Vacinas de agentes vivos atenuados são **contraindicadas** em pacientes imunossuprimidos, incluindo aqueles em quimioterapia, pelo risco de o próprio agente vacinal causar doença disseminada.

**Exemplos de vacinas contraindicadas:**
| Vacinas de vírus vivos | Vacinas de bactérias vivas |
|------------------------|---------------------------|
| Tríplice viral (SCR) | BCG |
| Varicela | Febre tifoide oral (Ty21a) |
| Febre amarela | |
| Rotavírus | |
| Dengue | |
| Herpes-zóster (Zostavax®)* | |

*A vacina recombinante (Shingrix®) é inativada e pode ser considerada.

A vacinação deve ser realizada **idealmente 2-4 semanas antes** do início da quimioterapia ou **≥3 meses após** o término, quando houver recuperação imunológica.

---

### ❌ Alternativa B — INCORRETA
> *""Na neutropenia febril em terapia inicial sem foco definido, recomenda-se o uso empírico de vancomicina...""*

**Erro conceitual importante.** A vancomicina **NÃO é recomendada de rotina** na terapia empírica inicial da neutropenia febril sem foco definido.

**Segundo a IDSA (2010, reafirmado em atualizações)**, a vancomicina deve ser **adicionada apenas em situações específicas:**

| Indicações para adicionar vancomicina |
|---------------------------------------|
| Instabilidade hemodinâmica / sepse grave |
| Pneumonia documentada radiologicamente |
| Infecção de cateter venoso central suspeita ou confirmada |
| Infecção de pele/partes moles |
| Colonização conhecida por MRSA ou pneumococo resistente |
| Hemocultura positiva para Gram-positivo (aguardando identificação) |
| Mucosite grave (risco de *Streptococcus viridans*) |

O uso indiscriminado de vancomicina aumenta o risco de **nefrotoxicidade**, seleção de **VRE (Enterococcus resistente à vancomicina)** e não melhora desfechos quando não há indicação específica.

---

### ❌ Alternativa C — INCORRETA
> *""...o tratamento ambulatorial com antibióticos via oral nesta situação é contraindicado.""*

**Incorreta.** O tratamento ambulatorial com antibióticos orais **É uma opção válida** para pacientes de **baixo risco**, conforme estratificação pelo **escore MASCC** (Multinational Association for Supportive Care in Cancer).

**Escore MASCC — Critérios de baixo risco (≥21 pontos):**

| Critério | Pontos |
|----------|--------|
| Sintomas leves ou ausentes | 5 |
| Sintomas moderados | 3 |
| Sem hipotensão | 5 |
| Sem DPOC | 4 |
| Tumor sólido ou hematológico sem infecção fúngica prévia | 4 |
| Sem desidratação | 3 |
| Paciente ambulatorial ao início da febre | 3 |
| Idade < 60 anos | 2 |

**Pacientes com MASCC ≥21** podem receber tratamento ambulatorial com:
- **Ciprofloxacino + Amoxicilina-clavulanato** (esquema clássico oral)

**Requisitos adicionais:** acesso rápido ao hospital, adesão garantida, suporte social adequado, ausência de náuseas/vômitos.

---

### ❌ Alternativa D — INCORRETA
> *""...cefalosporina de terceira geração, macrolídeo e sulfametoxazol/trimetoprima...""*

**Completamente incorreta.** Este esquema **não corresponde** às recomendações para neutropenia febril.

**Esquemas empíricos recomendados (monoterapia com cobertura antipseudomonas):**

| Opção | Antibiótico |
|-------|-------------|
| 1ª escolha | **Cefepime** (4ª geração) |
| Alternativas | Piperacilina-tazobactam |
| | Carbapenêmicos (meropenem, imipenem) |

**Por que o esquema da alternativa está errado:**
- **Cefalosporina de 3ª geração** (ceftriaxona, ceftazidima): a ceftriaxona não tem boa cobertura antipseudomonas; ceftazidima seria aceitável, mas cefepime é preferido
- **Macrolídeo**: não faz parte do esquema empírico padrão para neutropenia febril
- **SMX-TMP**: usado para **profilaxia** de *Pneumocystis jirovecii*, não como tratamento empírico de neutropenia febril

---

### ❌ Alternativa E — INCORRETA
> *""...infecções de cateteres são tratadas com antibióticos e é contraindicada a remoção cirúrgica.""*

**Incorreta.** A remoção do cateter **NÃO é contraindicada** — pelo contrário, é **frequentemente necessária**.

**Indicações para remoção do cateter venoso central infectado:**

| Indicação absoluta de remoção |
|-------------------------------|
| Infecção do túnel ou do reservatório (port) |
| Sepse grave / instabilidade hemodinâmica |"
"1","56","📋 QUESTÃO 56 — TROMBOCITOPENIA INDUZIDA POR HEPARINA (HIT/TIH)

🏥 Banca: Prova sem nome | Ano: não informado | Especialidade: Hematologia / Medicina Interna

━━━━━━━━━━━━━━━━━━━━━━━━━━━━━━━━━━━━━━
🎯 GABARITO: Alternativa E
⚠️ ATENÇÃO — POSSÍVEL DESATUALIZAÇÃO (conduta inicial com varfarina)
━━━━━━━━━━━━━━━━━━━━━━━━━━━━━━━━━━━━━━

## 📝 COMENTÁRIO GERAL

Esta questão apresenta um caso clássico de **Trombocitopenia Induzida por Heparina tipo II (HIT/TIH)**, uma complicação imunomediada grave do uso de heparinas. O cenário é característico:

| Elemento clínico | Achado no caso |
|------------------|----------------|
| Exposição à heparina | HBPM profilática por trauma |
| Tempo de início | 5-10 dias após início (típico) |
| Queda plaquetária | >50% do basal (32.000/mm³) |
| Evento trombótico | TVP no membro contralateral |
| Sangramento | **Ausente** (paradoxo da HIT) |

### Fisiopatologia da HIT tipo II

A HIT tipo II é uma reação imune mediada por **anticorpos IgG contra o complexo heparina-fator plaquetário 4 (PF4)**. Esses imunocomplexos ativam as plaquetas via receptor FcγIIa, causando:

```
Heparina + PF4 → Neoantígeno → IgG anti-heparina/PF4
                                      ↓
                            Ativação plaquetária maciça
                                      ↓
                    ┌─────────────────┴─────────────────┐
                    ↓                                   ↓
            Consumo de plaquetas              Liberação de micropartículas
            (TROMBOCITOPENIA)                 pró-coagulantes (TROMBOSE)
```

O **paradoxo clínico** é fundamental: apesar da plaquetopenia, o risco principal é **TROMBOSE** (não sangramento), ocorrendo em 30-50% dos casos não tratados.

### Escore 4T's para probabilidade pré-teste

| Critério | 2 pontos | 1 ponto | 0 pontos |
|----------|----------|---------|----------|
| **T**rombocitopenia | Queda >50% e nadir ≥20.000 | Queda 30-50% ou nadir 10-19.000 | Queda <30% ou nadir <10.000 |
| **T**iming | Dias 5-10 ou ≤1 dia se exposição prévia | >10 dias ou timing incerto | ≤4 dias sem exposição prévia |
| **T**rombose | Nova trombose confirmada | Trombose progressiva/recorrente | Nenhuma |
| Ou**T**ras causas | Nenhuma evidente | Possível | Definitiva |

**No caso apresentado:** Escore 4T's = 7-8 pontos → **Alta probabilidade**

---

## 🔍 ANÁLISE DAS ALTERNATIVAS

### ✅ Alternativa E — CORRETA (com ressalva importante)

> *""Trata-se de provável caso de trombocitopenia induzida por heparina (TIH), cuja complicação mais frequente é a de trombose, ainda que com contagens baixas nas plaquetas, e deve-se interromper imediatamente o uso de heparina e sua substituição por anticoagulante alternativo como varfarina.""*

**Por que é o gabarito:**
- ✓ Diagnóstico correto (HIT/TIH)
- ✓ Reconhece o paradoxo trombótico
- ✓ Indica suspensão imediata da heparina
- ✓ Indica necessidade de anticoagulação alternativa

**⚠️ RESSALVA IMPORTANTE:** A menção à **varfarina como substituto inicial** está **tecnicamente incorreta** pelas diretrizes atuais (ASH 2018, ACCP). A varfarina é contraindicada na fase aguda da HIT porque:

1. Reduz proteína C (anticoagulante natural) antes dos fatores pró-coagulantes
2. Pode precipitar **gangrena venosa de extremidades** e **necrose cutânea**
3. Só deve ser introduzida após plaquetas >150.000/mm³ e anticoagulação parenteral estável

**Anticoagulantes de escolha na fase aguda:**
- **Argatrobana** (inibidor direto de trombina) — preferido em disfunção hepática
- **Fondaparinux** (inibidor do fator Xa) — uso off-label, mas amplamente aceito
- **Bivalirudina** (inibidor direto de trombina)
- **DOACs** (rivaroxabana, apixabana) — evidência crescente para uso na fase aguda

---

### ❌ Alternativa A — INCORRETA

> *""A melhor terapia neste momento seria a de esplenectomia, entretanto apenas após a transfusão de plaquetas devido ao risco de sangramento""*

**Erros múltiplos:**

| Erro | Explicação |
|------|------------|
| Esplenectomia | Tratamento de PTI refratária, não de HIT |
| Transfusão de plaquetas | **CONTRAINDICADA** na HIT — ""adicionar combustível ao fogo"" |
| Risco de sangramento | O risco na HIT é trombótico, não hemorrágico |

A transfusão de plaquetas na HIT pode **agravar a trombose** ao fornecer mais plaquetas para serem ativadas pelos imunocomplexos.

---

### ❌ Alternativa B — INCORRETA

> *""É imprescindível a realização o quanto antes de plasmaférese neste caso pois o diagnóstico mais plausível é o de púrpura trombocitopênica trombótica (PTT).""*

**Por que não é PTT:**

| Característica | PTT | Caso apresentado |
|----------------|-----|------------------|
| Pêntade clássica | Plaquetopenia + anemia hemolítica microangiopática + febre + alteração neurológica + IRA | Apenas plaquetopenia + trombose |
| Esquizócitos | Presentes | Eritrograma normal |
| Gatilho | Deficiência de ADAMTS13 | Exposição à heparina |
| Tratamento | Plasmaférese urgente | Suspender heparina + anticoagulação alternativa |

A **ausência de anemia hemolítica microangiopática** (eritrograma normal) praticamente exclui PTT.

---

### ❌ Alternativa C — INCORRETA

> *""A hipótese mais plausível neste caso é a de púrpura trombocitopênica imune (PTI) e deve-se iniciar imediatamente o tratamento de primeira linha com prednisona 1 mg/kg/dia.""*

**Por que não é PTI:**

| Característica | PTI | HIT (caso atual) |
|----------------|"
"1","57","📋 QUESTÃO 57 — ASMA BRÔNQUICA

🏥 Banca: Prova sem nome | Ano: não informado | Especialidade: Pneumologia
⚠️ QUESTÃO COM IMAGEM — espirometria com prova broncodilatadora não visualizada

━━━━━━━━━━━━━━━━━━━━━━━━━━━━━━━━━━━━━━
🎯 GABARITO: Alternativa D
✅ ATUALIZADA
━━━━━━━━━━━━━━━━━━━━━━━━━━━━━━━━━━━━━━

## 📝 COMENTÁRIO GERAL

O caso clínico apresenta um adolescente de 16 anos com **tosse persistente, dispneia aos esforços e sintomas noturnos** há 6 meses, com piora progressiva — quadro clássico de **asma brônquica**. A espirometria com prova broncodilatadora positiva (embora não visualizada) confirmaria o diagnóstico ao demonstrar **obstrução reversível ao fluxo aéreo** (aumento do VEF₁ ≥ 12% E ≥ 200 mL após broncodilatador).

A asma é uma doença inflamatória crônica das vias aéreas caracterizada por:
- **Hiperresponsividade brônquica**
- **Obstrução variável e reversível ao fluxo aéreo**
- **Inflamação predominantemente eosinofílica** (não linfocítica!)

Quando o diagnóstico ocorre no **início da vida adulta** (ou adolescência tardia), é fundamental investigar **causas secundárias e fatores desencadeantes**, incluindo medicamentos que podem induzir ou exacerbar broncoespasmo.

---

## 🔍 ANÁLISE DAS ALTERNATIVAS

### ✅ Alternativa D — CORRETA
*""Pacientes com diagnóstico no início da vida adulta deve-se descartar causas secundárias como uso de medicamentos (betabloqueadores, AAS e IECAs).""*

**Correta.** Medicamentos são causas importantes de broncoespasmo secundário:

| Medicamento | Mecanismo |
|-------------|-----------|
| **β-bloqueadores** | Bloqueio dos receptores β₂ → broncoconstrição (especialmente não seletivos) |
| **AAS/AINEs** | Inibição da COX-1 → desvio do ácido araquidônico para via dos leucotrienos → broncoespasmo (asma induzida por AAS — presente em 10-20% dos asmáticos) |
| **IECAs** | Acúmulo de bradicinina → tosse seca (pode mimetizar ou exacerbar sintomas de asma) |

A investigação de causas secundárias é especialmente importante quando o diagnóstico é tardio, pois a asma clássica geralmente se manifesta na infância.

---

### ❌ Alternativa A — INCORRETA
*""O uso frequente de β₂-agonistas de curta ação não é associado com aumento da mortalidade.""*

**Incorreta.** O uso **excessivo de SABA (Short-Acting Beta-Agonists)** está, sim, associado a **aumento de mortalidade** e desfechos adversos. Segundo o **GINA (Global Initiative for Asthma)**:

- Uso de ≥3 frascos de SABA/ano está associado a maior risco de exacerbações graves
- Uso de ≥12 frascos/ano está associado a **aumento de mortalidade**
- O GINA 2019 mudou paradigmas: **não se recomenda mais SABA isolado** nem mesmo na asma leve — deve-se associar corticoide inalatório

---

### ❌ Alternativa B — INCORRETA
*""Alguns diagnósticos diferenciais são a bronquiolite obliterante, a doença pulmonar obstrutiva crônica e fibrose cística.""*

**Parcialmente incorreta no contexto.** Embora essas doenças cursem com sintomas respiratórios obstrutivos, há problemas:

- **DPOC** — extremamente improvável em paciente de **16 anos, não tabagista**. DPOC é doença de adultos >40 anos com história de exposição (tabaco, biomassa)
- **Bronquiolite obliterante** — possível diagnóstico diferencial, mas rara e geralmente associada a infecções virais graves prévias, transplante ou exposição a toxinas
- **Fibrose cística** — diagnóstico diferencial válido em jovens com sintomas respiratórios crônicos, especialmente se houver sintomas gastrointestinais associados

A alternativa erra principalmente ao incluir **DPOC** como diagnóstico diferencial plausível neste contexto clínico.

---

### ❌ Alternativa C — INCORRETA
*""Os β₂-Agonistas de longa ação (LABAs) apresentam duração de ação de cerca de 12 horas e são recomendados para uso como monoterapia.""*

**Incorreta.** A primeira parte está correta (LABAs como formoterol e salmeterol têm duração de ~12 horas), porém:

⚠️ **LABAs NUNCA devem ser usados como monoterapia na asma!**

Estudos clássicos (SMART, SNS) demonstraram **aumento de mortalidade** com uso de LABA isolado. O mecanismo proposto é que o LABA alivia sintomas sem tratar a inflamação subjacente, mascarando a piora da doença.

**Regra absoluta:** LABA na asma → **sempre associado a corticoide inalatório (ICS-LABA)**

---

### ❌ Alternativa E — INCORRETA
*""A sua fisiopatologia evidencia a inflamação crônica das vias aéreas mais comumente de natureza linfocítica, sendo a infiltração mastocitária também frequente.""*

**Incorreta.** A inflamação na asma é **predominantemente EOSINOFÍLICA**, não linfocítica.

**Padrão inflamatório clássico da asma:**
- **Eosinófilos** — célula principal
- **Mastócitos** — participam da fase imediata (degranulação com histamina, leucotrienos)
- **Linfócitos Th2** — orquestram a resposta (IL-4, IL-5, IL-13)
- **Células epiteliais** — produzem alarminas (TSLP, IL-25, IL-33)

A inflamação **linfocítica/neutrofílica** é mais característica da **DPOC**.

---

## 💡 DICA DE PROVA

**Medicamentos que causam/exacerbam broncoespasmo — lembre do ""BAI"":**
- **B**etabloqueadores
- **A**AS/AINEs
- **I**ECAs (mais tosse que broncoespasmo, mas entra no diferencial)

**Regra de ouro para provas:**
> ""LABA sozinho na asma = NUNCA"" — sempre associar com corticoide inalatório"
"1","58","📋 QUESTÃO 58 — SÍNDROME DE HIPOVENTILAÇÃO POR OBESIDADE (SHO)

🏥 Banca: Prova sem nome | Ano: não informado | Especialidade: Pneumologia / Medicina do Sono

━━━━━━━━━━━━━━━━━━━━━━━━━━━━━━━━━━━━━━
🎯 GABARITO: Alternativa D
✅ ATUALIZADA
━━━━━━━━━━━━━━━━━━━━━━━━━━━━━━━━━━━━━━

## 📝 COMENTÁRIO GERAL

O caso clínico apresenta um paciente de 45 anos com **obesidade grau III (IMC 47,4 kg/m²)**, sonolência diurna excessiva, roncos, apneias testemunhadas, cefaleia matinal e, crucialmente, **hipoxemia em repouso (SatO₂ 89%)** — achado que transcende a simples apneia obstrutiva do sono (AOS) e aponta para a **Síndrome de Hipoventilação por Obesidade (SHO)**, também conhecida como **Síndrome de Pickwick**.

### Fisiopatologia da SHO

A SHO resulta de uma combinação de fatores:

| Fator | Mecanismo |
|-------|-----------|
| **Carga mecânica aumentada** | Tecido adiposo torácico e abdominal ↑ trabalho respiratório |
| **Redução da complacência** | Parede torácica ""rígida"" + elevação diafragmática |
| **Resposta ventilatória atenuada** | Sensibilidade reduzida ao CO₂ (drive central alterado) |
| **AOS coexistente** | Presente em ~90% dos casos |

O resultado final é **hipoventilação alveolar crônica** com:
- ↑ PaCO₂ (hipercapnia diurna ≥ 45 mmHg)
- ↓ PaO₂ (hipoxemia)

### Critérios Diagnósticos da SHO

```
┌─────────────────────────────────────────────────────────┐
│  TRÍADE DIAGNÓSTICA DA SHO                              │
├─────────────────────────────────────────────────────────┤
│  1. Obesidade (IMC ≥ 30 kg/m²)                          │
│  2. Hipercapnia diurna (PaCO₂ ≥ 45 mmHg)                │
│  3. Exclusão de outras causas de hipoventilação         │
│     (DPOC, doenças neuromusculares, hipotireoidismo)    │
└─────────────────────────────────────────────────────────┘
```

**Importante:** A confirmação definitiva requer **gasometria arterial** demonstrando hipercapnia. No caso apresentado, a hipoxemia em vigília (SatO₂ 89%) é altamente sugestiva, mas a questão cobra o **diagnóstico mais provável** com base no quadro clínico.

---

## 🔍 ANÁLISE DAS ALTERNATIVAS

### ✅ Alternativa D — CORRETA

> *""O diagnóstico mais possível é de síndrome de hipoventilação por obesidade uma vez que o paciente possui IMC > 30 kg/m², sintomas de hipoventilação crônica e evidência de distúrbio respiratório relacionado ao sono.""*

**Por que está correta:**

O paciente preenche os elementos clínicos fundamentais:

| Critério | Achado no caso |
|----------|----------------|
| **Obesidade** | IMC 47,4 kg/m² (obesidade grau III) ✓ |
| **Sintomas de hipoventilação** | Cefaleia matinal, sonolência, hipoxemia (SatO₂ 89%) ✓ |
| **Distúrbio respiratório do sono** | Roncos, apneias testemunhadas, engasgos ✓ |

A cefaleia matinal é um sintoma clássico de hipercapnia noturna (vasodilatação cerebral pelo CO₂). A alternativa está alinhada com as diretrizes da **American Academy of Sleep Medicine** e da **European Respiratory Society** para diagnóstico de SHO.

---

### ❌ Alternativa A — INCORRETA

> *""No indivíduo sadio, o nível arterial de dióxido de carbono (PaCO₂) é mantido entre 27 e 33 mmHg ao nível do mar.""*

**Erro conceitual grave:** Os valores normais de PaCO₂ são **35-45 mmHg**.

- PaCO₂ < 35 mmHg → **Hipocapnia** (alcalose respiratória)
- PaCO₂ > 45 mmHg → **Hipercapnia** (acidose respiratória)

Os valores citados (27-33 mmHg) representariam hiperventilação significativa, não normalidade. A segunda parte da afirmação está correta: distúrbios ventilatórios realmente alteram a PaCO₂.

---

### ❌ Alternativa B — INCORRETA

> *""Na síndrome de hipoventilação por obesidade a carga da parede torácica é **menor** do que a força dos músculos ventilatórios...""*

**Erro fisiopatológico:** Na SHO ocorre exatamente o **oposto**.

```
FISIOPATOLOGIA CORRETA DA SHO:

   Carga da parede torácica  >>>  Força muscular ventilatória
         (AUMENTADA)                    (INSUFICIENTE)
              ↓
    Incapacidade de manter ventilação adequada
              ↓
         HIPOVENTILAÇÃO
```

A obesidade **aumenta** a carga mecânica (peso sobre tórax e abdome, redução da complacência), enquanto a força muscular pode estar normal ou reduzida. O desequilíbrio carga > força é o mecanismo central.

---

### ❌ Alternativa C — INCORRETA

> *""A ventilação não invasiva com pressão positiva (VNIPP) noturna tem sido usada com sucesso no tratamento da hipoventilação e das apneias obstrutivas, **porém sem sucesso nas hipoventilações de origem central**.""*

**Erro terapêutico:** A VNI é eficaz **também** nas hipoventilações centrais.

| Tipo de hipoventilação | Eficácia da VNI |
|------------------------|-----------------|
| Obstrutiva (AOS) | ✓ CPAP/BiPAP eficaz |
| SHO | ✓ BiPAP com backup de FR eficaz |
| **Central** (ex: hipoventilação central congênita, pós-AVC) | ✓ BiPAP-ST ou ventilação servoassistida |

Para hipoventilação central, utiliza-se **BiPAP no modo ST (Spontaneous-Timed)** ou **ventilação servoassistida (ASV)**, que garantem frequência respiratória mínima mesmo na ausência de drive ventilatório adequado.

---

### ❌ Alternativa E — INCORRETA

> *""As doenças que reduzem a ventilação-minuto ou aumentam o espaço morto podem ser classificadas em quatro categorias principais: doença do parênquima pulmonar e da parede torácica, distúrb"
"1","59","📋 QUESTÃO 59 — SÍNDROME DA ANGÚSTIA RESPIRATÓRIA AGUDA (SARA) / TRALI

🏥 Banca: Prova sem nome | Ano: não informado | Especialidade: Terapia Intensiva / Pneumologia
⚠️ QUESTÃO COM IMAGEM (radiografia de tórax não disponível para análise)

━━━━━━━━━━━━━━━━━━━━━━━━━━━━━━━━━━━━━━
🎯 GABARITO: Alternativa B
✅ ATUALIZADA
━━━━━━━━━━━━━━━━━━━━━━━━━━━━━━━━━━━━━━

## 📝 COMENTÁRIO GERAL

O caso apresenta uma paciente de 68 anos que desenvolve **insuficiência respiratória aguda hipoxêmica** nas primeiras horas após múltiplas hemotransfusões, com:
- Dispneia progressiva e taquipneia
- Estertores finos bilaterais
- SpO₂ 88% em ar ambiente
- **Relação P/F = 110** (hipoxemia grave)
- **Ausência de sobrecarga hídrica** e PA estável

Este quadro é clássico de **TRALI (Transfusion-Related Acute Lung Injury)**, uma forma de SARA associada a transfusões. Pelos **Critérios de Berlim (2012)**, temos SARA quando:

| Critério | Paciente |
|----------|----------|
| Início agudo (≤7 dias) | ✅ Horas após transfusão |
| Opacidades bilaterais no RX | ✅ Presente (descrito) |
| Origem não cardiogênica | ✅ Sem sobrecarga hídrica |
| P/F ≤ 300 com PEEP ≥ 5 | ✅ P/F = 110 |

**Classificação da gravidade pela P/F:**
- Leve: 201-300
- Moderada: 101-200
- **Grave: ≤ 100**

A paciente está no limite (P/F = 110), configurando **SARA moderada a grave**.

Quanto à **etiologia da SARA**, a questão cobra um dado epidemiológico importante: embora existam múltiplas causas (trauma, pancreatite, aspiração, transfusões, etc.), **pneumonia e sepse respondem por 40-60% dos casos**, totalizando mais de 80% das etiologias.

---

## 🔍 ANÁLISE DAS ALTERNATIVAS

### ✅ Alternativa B — CORRETA
*""A maioria dos casos (>80%) é causada por pneumonia e sepse (cerca de 40 a 60%)""*

**Correto.** Dados epidemiológicos consistentes na literatura mostram que:
- **Pneumonia**: ~40% dos casos de SARA
- **Sepse extrapulmonar**: ~30-40% dos casos
- Juntas, representam a grande maioria das etiologias

Outras causas (aspiração, trauma, pancreatite, transfusões, overdose) são menos frequentes individualmente. O TRALI, embora seja o diagnóstico específico desta paciente, representa uma parcela menor do total de casos de SARA.

---

### ❌ Alternativa A — INCORRETA
*""Deve-se optar por ventilações com alto volume corrente por quilo para melhora da sobrevida""*

**Erro grave.** A estratégia ventilatória protetora é um dos pilares do manejo da SARA, baseada no estudo **ARDSNet (NEJM, 2000)**:

| Parâmetro | Recomendação |
|-----------|--------------|
| Volume corrente | **4-6 mL/kg de peso predito** |
| Pressão de platô | ≤ 30 cmH₂O |
| PEEP | Titulada conforme tabela |

Volumes correntes elevados (10-12 mL/kg) causam **volutrauma** e **biotrauma**, aumentando a mortalidade. A ventilação protetora com baixo VC reduziu mortalidade de 40% para 31% no estudo original.

---

### ❌ Alternativa C — INCORRETA
*""Posição prona melhora oxigenação sem benefício na mortalidade""*

**Desatualizado.** O estudo **PROSEVA (NEJM, 2013)** demonstrou definitivamente que a **posição prona reduz mortalidade** em SARA moderada a grave (P/F < 150):

- Mortalidade em 28 dias: **16% (prona) vs 32,8% (supina)**
- NNT = 6
- Indicação: P/F < 150 com FiO₂ ≥ 60%
- Duração: ≥ 16 horas/dia

A paciente com P/F = 110 teria **indicação formal de prona** caso evoluísse para VM.

---

### ❌ Alternativa D — INCORRETA
*""Deve-se evitar restrição hídrica pelo risco de hipoperfusão renal""*

**Invertido.** O estudo **FACTT (NEJM, 2006)** comparou estratégias liberal vs conservadora de fluidos na SARA:

| Estratégia conservadora | Resultados |
|------------------------|------------|
| Balanço hídrico negativo | ✅ Mais dias livres de VM |
| | ✅ Menor tempo de UTI |
| | Sem aumento de IRA |

A **restrição hídrica (estratégia conservadora)** é recomendada após estabilização hemodinâmica inicial, pois reduz o edema pulmonar sem comprometer a função renal.

---

### ❌ Alternativa E — INCORRETA
*""SARA grave por lesão pulmonar direta ocasionada pelo aumento de volume circulante""*

**Dois erros conceituais:**

1. **Classificação da gravidade:** P/F = 110 configura SARA **moderada** (101-200), não grave (≤100)

2. **Mecanismo fisiopatológico:** O TRALI é uma **lesão pulmonar INDIRETA**, mediada por:
   - Anticorpos anti-HLA ou anti-HNA do doador
   - Ativação de neutrófilos pulmonares
   - Liberação de mediadores inflamatórios
   - **NÃO é por hipervolemia** (isso seria TACO - Transfusion-Associated Circulatory Overload)

| TRALI | TACO |
|-------|------|
| Lesão inflamatória | Sobrecarga volêmica |
| PA normal/baixa | Hipertensão |
| BNP normal | BNP elevado |
| Sem resposta a diurético | Responde a diurético |

A ausência de sinais de sobrecarga hídrica no caso reforça o diagnóstico de TRALI, não TACO.

---

## 💡 DICA DE PROVA

**Critérios de Berlim para SARA — memorize os 4 pilares:**
1. **Tempo:** ≤ 7 dias do insulto
2. **Imagem:** Opacidades bilaterais (não explicadas por derrame/atelectasia/nódulos)
3. **Origem:** Não cardiogênica
4. **Oxigenação:** P/F ≤ 300 com PEEP ≥ 5

**Classificação rápida:**
- **L**eve"
"1","60","📋 QUESTÃO 60 — CHOQUE SÉPTICO E NEUTROPENIA FEBRIL

🏥 Banca: Prova sem nome | Ano: não informado | Especialidade: Clínica Médica / Emergência / Oncologia

━━━━━━━━━━━━━━━━━━━━━━━━━━━━━━━━━━━━━━
🎯 GABARITO: Alternativa C
✅ ATUALIZADA
━━━━━━━━━━━━━━━━━━━━━━━━━━━━━━━━━━━━━━

## 📝 COMENTÁRIO GERAL

O caso apresenta uma paciente de 58 anos em quimioterapia para câncer de ovário metastático (último ciclo há 10 dias — período típico do nadir de neutrófilos), que evolui com:

| Achado | Valor | Interpretação |
|--------|-------|---------------|
| PA | 85/40 mmHg | Hipotensão |
| FC | 125 bpm | Taquicardia |
| FR | 26 irpm | Taquipneia |
| Temperatura | 38°C | Febre |
| Neutrófilos | 200/mm³ | Neutropenia grave (<500) |
| Estado mental | Confusão, lentificação | Disfunção orgânica |

**Diagnóstico sindrômico:** Neutropenia febril com critérios de **choque séptico** (hipotensão + sinais de hipoperfusão/disfunção orgânica).

A questão cobra conceitos de **fisiologia do transporte de oxigênio** e **classificação dos tipos de choque**, além de aspectos do manejo inicial da sepse/neutropenia febril.

### Equação do Transporte de Oxigênio (DO₂)

A questão explora a fórmula fundamental:

```
DO₂ = DC × CaO₂

Onde:
• DC (Débito Cardíaco) = FC × VS (Volume Sistólico)
• CaO₂ (Conteúdo Arterial de O₂) = (Hb × 1,34 × SaO₂) + (0,003 × PaO₂)
```

**Portanto:** DO₂ = FC × VS × CaO₂

A taquicardia é um mecanismo compensatório para manter o DO₂ quando há queda da pressão arterial e/ou do volume sistólico.

---

## 🔍 ANÁLISE DAS ALTERNATIVAS

### ✅ Alternativa C — CORRETA

> *""A taquicardia observada na paciente é uma resposta secundária à hipotensão na tentativa de manter o transporte do oxigênio. Como esclarece a equação: DO₂ = FC × VS × CaO₂""*

**Correto.** A taquicardia é um mecanismo compensatório fisiológico mediado pelo sistema nervoso simpático. Quando há hipotensão e redução do volume sistólico (como no choque distributivo/séptico), o organismo aumenta a frequência cardíaca para tentar manter o débito cardíaco e, consequentemente, o transporte de oxigênio aos tecidos.

---

### ❌ Alternativa A — INCORRETA

> *""Há quatro principais processos que levam à redução no transporte de oxigênio e à hipoxia celular, sendo esses os quatro principais tipos de choque: distributivo, cardiogênico, hipovolêmico e hemorrágico.""*

**Erro conceitual:** O choque hemorrágico **não é uma categoria separada** — ele é um **subtipo do choque hipovolêmico**.

**Classificação correta dos 4 tipos de choque:**

| Tipo | Mecanismo | Exemplos |
|------|-----------|----------|
| **Distributivo** | Vasodilatação periférica | Séptico, anafilático, neurogênico |
| **Cardiogênico** | Falência de bomba | IAM, miocardite, arritmias |
| **Hipovolêmico** | Perda de volume | Hemorrágico, desidratação, queimaduras |
| **Obstrutivo** | Obstrução mecânica ao fluxo | TEP, tamponamento, pneumotórax hipertensivo |

---

### ❌ Alternativa B — INCORRETA

> *""Após adequada reposição volêmica (30 mL/kg nas primeiras 3 horas) a paciente manteve hipotensão necessitando de suporte de vasopressores. Assim, a hipótese mais provável é de choque hipovolêmico.""*

**Erro:** Se o paciente **mantém hipotensão após ressuscitação volêmica adequada** e necessita de vasopressores, isso caracteriza **choque séptico**, não hipovolêmico.

Conforme a **Surviving Sepsis Campaign 2021** e o **Sepsis-3**:
- **Sepse** = infecção + disfunção orgânica (SOFA ≥2)
- **Choque séptico** = sepse + necessidade de vasopressor para manter PAM ≥65 mmHg + lactato >2 mmol/L **após ressuscitação volêmica adequada**

O choque hipovolêmico, por definição, responde à reposição de volume.

---

### ❌ Alternativa D — INCORRETA

> *""Deve-se iniciar um vasopressor sendo a dopamina o agente de primeira escolha.""*

**Erro:** A **noradrenalina (norepinefrina)** é o vasopressor de **primeira escolha** no choque séptico, não a dopamina.

**Conforme Surviving Sepsis Campaign 2021:**
- **1ª linha:** Noradrenalina
- **2ª linha:** Vasopressina (associada à noradrenalina se PAM não atingida)
- **Dopamina:** Reservada apenas para pacientes com baixo risco de taquiarritmias e bradicardia absoluta/relativa

A dopamina está associada a maior incidência de arritmias e maior mortalidade em alguns estudos.

---

### ❌ Alternativa E — INCORRETA

> *""Os antibióticos intravenosos devem ser iniciados assim que possível (dentro de 2 horas); especificamente com esquema de amplo espectro como cefepima 2 gramas a cada 8/8 horas.""*

**Erro no tempo:** O antibiótico deve ser iniciado em **até 1 hora** (não 2 horas) no contexto de:
- Choque séptico
- Neutropenia febril

**Conforme Surviving Sepsis Campaign 2021:**
- Sepse/choque séptico → ATB em **≤1 hora**
- Sepse sem choque → ATB em até 3 horas (após avaliação)

**Conforme diretrizes de neutropenia febril (IDSA/ASCO):**
- ATB empírico de amplo espectro com cobertura anti-pseudomonas em **≤1 hora**
- Cefepima 2g IV 8/8h é uma opção adequada de esquema

**Observação:** A dose de cefepima e o espectro estão corretos; o erro está exclusivamente no tempo (2h ao invés de 1h).

---

## 💡 DICA DE PROVA

**Determinantes do DO₂ — memorize a fórmula:**
```
DO₂ = FC × VS × Ca"
"1","61","📋 QUESTÃO 61 — LESÃO RENAL AGUDA NO PÓS-OPERATÓRIO

🏥 Banca: Prova sem nome | Ano: não informado | Especialidade: Nefrologia / Clínica Cirúrgica

━━━━━━━━━━━━━━━━━━━━━━━━━━━━━━━━━━━━━━
🎯 GABARITO: Alternativa C
✅ ATUALIZADA
━━━━━━━━━━━━━━━━━━━━━━━━━━━━━━━━━━━━━━

## 📝 COMENTÁRIO GERAL

Esta questão aborda o reconhecimento e manejo inicial da **Lesão Renal Aguda (LRA)** no contexto pós-operatório, tema frequente em provas de residência.

### Identificando a LRA neste paciente:

Pelos critérios **KDIGO (2012)**, que permanecem como referência atual, a LRA é definida por qualquer um dos seguintes:

| Critério | Definição |
|----------|-----------|
| **Creatinina** | ↑ ≥ 0,3 mg/dL em 48h **OU** ↑ ≥ 1,5x o basal em 7 dias |
| **Débito urinário** | < 0,5 mL/kg/h por ≥ 6 horas |

**Aplicando ao caso:**
- **Creatinina:** 1,4 → 2,0 mg/dL = aumento de **0,6 mg/dL em ~48h** ✓
- **Débito urinário:** 200 mL ÷ 100 kg ÷ 6h = **0,33 mL/kg/h** (< 0,5) ✓

👉 O paciente preenche **AMBOS os critérios** para LRA — trata-se de **LRA estágio 2 pelo KDIGO**.

### Etiologias no pós-operatório de prostatectomia:

No contexto de cirurgia pélvica/urológica, devemos considerar:

| Categoria | Causas possíveis |
|-----------|------------------|
| **Pré-renal** | Hipovolemia, hipotensão intraoperatória, terceiro espaço |
| **Renal intrínseca** | NTA por hipoperfusão prolongada, nefrotoxinas |
| **Pós-renal** | ⚠️ **Lesão ureteral bilateral** (rara, mas específica desta cirurgia), obstrução por coágulos |

### Conduta inicial correta:

A abordagem sistemática inclui:
1. **Avaliar distúrbios hidroeletrolíticos** (hipercalemia, acidose — risco imediato)
2. **Investigar a etiologia** (pré-renal? obstrutiva? intrínseca?)
3. **Tratar a causa específica** — não existe ""receita única""

---

## 🔍 ANÁLISE DAS ALTERNATIVAS

### ✅ Alternativa C — CORRETA
> *""As alterações indicam insuficiência renal aguda, sendo indicado avaliar se há alteração hidroeletrolítica e buscar a causa incitadora.""*

**Perfeita!** Reconhece corretamente a LRA e estabelece as duas prioridades do manejo inicial:

1. **Avaliar distúrbios hidroeletrolíticos** — hipercalemia e acidose metabólica podem exigir intervenção urgente
2. **Buscar a causa** — fundamental porque o tratamento varia conforme a etiologia:
   - Pré-renal → reposição volêmica
   - Pós-renal → desobstrução (USG, passagem de cateter, nefrostomia)
   - Renal intrínseca → suporte e remoção de nefrotoxinas

---

### ❌ Alternativa A — INCORRETA
> *""As alterações são esperadas para cirurgia de grande porte, não sendo necessários quaisquer tratamentos adicionais.""*

**Erro grave: minimiza um diagnóstico real.**

Embora algum grau de oligúria transitória possa ocorrer no pós-operatório imediato (resposta ao estresse, ADH, retenção de sódio), os achados deste paciente **ultrapassam a variação fisiológica**:
- Aumento de creatinina de 0,6 mg/dL não é ""esperado""
- Débito urinário < 0,5 mL/kg/h por 6h é patológico

Ignorar esses sinais pode levar a progressão da LRA e complicações graves.

---

### ❌ Alternativa B — INCORRETA
> *""As alterações indicam insuficiência renal aguda, sendo indicado realizar prova de volume independente da etiologia do evento.""*

**Erro: conduta ""automática"" sem avaliação.**

A prova de volume (fluid challenge) é apropriada quando há **suspeita de LRA pré-renal** com hipovolemia. Porém:

- Em **LRA pós-renal** (ex: lesão ureteral bilateral) → volume não resolve; precisa desobstruir
- Em paciente **hipervolêmico** (ICC, congestão) → volume pode ser deletério
- Em **NTA estabelecida** → rim não responde ao volume

⚠️ Neste caso específico de prostatectomia, a **obstrução ureteral bilateral** deve ser ativamente excluída antes de simplesmente ""correr soro"".

---

### ❌ Alternativa D — INCORRETA
> *""As alterações indicam insuficiência renal aguda, sendo necessário realizar terapia de substituição renal para evitar complicações metabólicas.""*

**Erro: indicação prematura de diálise.**

A terapia de substituição renal (hemodiálise, CVVH) tem **indicações específicas** na LRA:

| Indicações de diálise de urgência |
|-----------------------------------|
| Hipercalemia refratária (K > 6,5 com alteração no ECG) |
| Acidose metabólica grave refratária (pH < 7,1) |
| Hipervolemia/edema pulmonar refratário |
| Uremia sintomática (encefalopatia, pericardite, sangramento) |
| Intoxicações dialisáveis |

O paciente **não apresenta nenhuma dessas indicações** no momento. A creatinina de 2 mg/dL, isoladamente, não indica diálise.

---

### ❌ Alternativa E — INCORRETA
> *""As alterações são esperadas para cirurgia de grande porte, sendo necessário tratamento paliativo baseado em hidratação endovenosa.""*

**Múltiplos erros:**

1. **""Esperadas""** — novamente minimiza a LRA (mesmo erro da alternativa A)
2. **""Tratamento paliativo""** — termo inadequado; LRA pós-operatória é potencialmente reversível
3. **""Hidratação endovenosa""** como conduta única — ignora a necessidade de investigar a causa (pode ser obstrutiva!)

---

## 💡 DICA DE PROVA

> **""AEIOU"" das indicações de diálise de urgência:**
> - **A**cidose refratária
> - **E**letrólitos (hipercalemia refratária)
> - **I**ntoxicação (metanol, etilenoglicol, lítio, salicilatos)"
"1","63","📋 QUESTÃO 63 — INDICAÇÕES DE TRANSFUSÃO DE CONCENTRADO DE HEMÁCIAS

🏥 Banca: Prova sem nome | Ano: não informado | Especialidade: Clínica Médica / Hematologia / Cirurgia Geral

━━━━━━━━━━━━━━━━━━━━━━━━━━━━━━━━━━━━━━
🎯 GABARITO: Alternativa A
✅ ATUALIZADA
━━━━━━━━━━━━━━━━━━━━━━━━━━━━━━━━━━━━━━

## 📝 COMENTÁRIO GERAL

Esta questão aborda um tema fundamental e frequente em provas de residência: **a estratégia restritiva de transfusão de hemácias**. O paradigma atual, consolidado por estudos como o **TRICC Trial** (1999), **FOCUS Trial** (2011) e **TITRe2** (2015), demonstrou que a estratégia restritiva (transfundir com Hb < 7 g/dL) é tão segura quanto — ou até superior — à estratégia liberal em pacientes estáveis.

### Pontos-chave do caso:
| Dado clínico | Interpretação |
|--------------|---------------|
| Hb = 7,3 g/dL | **Acima do limiar restritivo de 7 g/dL** |
| PA 118/76, FC 78 bpm | Hemodinamicamente estável |
| Lúcido, orientado | Sem sinais de hipoperfusão cerebral |
| Sem dor torácica/dispneia | Sem sinais de isquemia miocárdica |
| 1º DPO, sem sangramento ativo | Perda provavelmente estabilizada |

**Diretrizes de referência:**
- **AABB (American Association of Blood Banks) 2016** e atualizações
- **Guia de Uso de Hemocomponentes do Ministério da Saúde (Brasil, 2015)**
- **Surviving Sepsis Campaign 2021** (para contexto de sepse)

### Limiares transfusionais aceitos:

| Contexto clínico | Limiar de Hb para transfusão |
|------------------|------------------------------|
| Paciente estável (geral) | **< 7 g/dL** |
| Cardiopata / SCA / Cirurgia cardíaca | **< 8 g/dL** (alguns consideram < 7,5) |
| Sangramento ativo / Instabilidade | Independe do valor — avaliar clínica |

> ⚠️ **Importante:** O paciente da questão é hipertenso e diabético, mas **não tem doença coronariana sintomática** nem sinais de isquemia. Portanto, aplica-se o limiar de **7 g/dL**, e como a Hb está em 7,3 g/dL, **não há indicação de transfusão neste momento**.

---

## 🔍 ANÁLISE DAS ALTERNATIVAS

### ✅ Alternativa A — CORRETA
> *""Não transfundir, pois o paciente está hemodinamicamente estável e o valor de hemoglobina ainda está acima do limite recomendado para transfusão.""*

**Perfeita.** O paciente:
- Está **estável** (PA normal, FC normal, sem sinais de hipoperfusão)
- Hb de **7,3 g/dL está acima do limiar de 7 g/dL**
- Não apresenta sinais de isquemia miocárdica

A conduta correta é **observação clínica** e repetir hemograma se houver mudança no quadro. A estratégia restritiva reduz riscos transfusionais (TRALI, TACO, infecções, aloimunização) sem comprometer desfechos.

---

### ❌ Alternativa B — INCORRETA
> *""Indicar transfusão apenas se houver sinais de isquemia miocárdica ou instabilidade hemodinâmica, independentemente do valor de hemoglobina.""*

Esta alternativa contém um **erro conceitual importante**: afirma que o valor de hemoglobina é irrelevante. Na prática:

- O valor de Hb **é um dos critérios** para decisão transfusional
- Pacientes com Hb < 7 g/dL geralmente são transfundidos mesmo se estáveis
- A decisão não é ""independente"" do valor — é uma **combinação de clínica + laboratório**

**Pegadinha:** A alternativa parece ""conservadora"" e poderia confundir, mas o termo ""independentemente"" a invalida.

---

### ❌ Alternativa C — INCORRETA
> *""Transfundir 1 unidade de CH, pois o valor de hemoglobina está abaixo de 8 g/dl em um paciente cirúrgico.""*

Representa a **estratégia liberal**, que **não é mais recomendada** como rotina. O limiar de 8 g/dL aplica-se a:
- Pacientes com **síndrome coronariana aguda**
- **Cardiopatas sintomáticos**
- Algumas situações de **cirurgia cardíaca**

O fato de ser ""paciente cirúrgico"" **não eleva automaticamente o limiar** para 8 g/dL. O estudo **FOCUS Trial** demonstrou que mesmo pacientes idosos em pós-operatório de fratura de quadril (população de alto risco) não se beneficiaram da estratégia liberal.

---

### ❌ Alternativa D — INCORRETA
> *""Transfundir 2 unidades de CH devido à queda significativa da hemoglobina no pós-operatório.""*

**Dois erros:**

1. **A queda de Hb (de 10,1 para 7,3) não é critério isolado para transfusão** — o que importa é o valor absoluto e a clínica
2. **Transfundir 2 unidades de uma vez** contraria o princípio de ""transfundir o mínimo necessário"" — a recomendação é **1 unidade por vez**, com reavaliação clínica e laboratorial

> 📌 Regra prática: **""Uma unidade de cada vez""** — exceto em hemorragia maciça.

---

### ❌ Alternativa E — INCORRETA
> *""Iniciar transfusão profilática devido à idade do paciente e presença de comorbidades.""*

**Transfusão profilática não existe como conceito válido** em hemoterapia moderna. Transfusão é sempre **terapêutica**, baseada em:
- Valor de hemoglobina
- Quadro clínico
- Presença de sangramento ou risco iminente

Idade avançada e comorbidades (HAS, DM) **não são indicações per se** de transfusão. Esta alternativa representa uma conduta **iatrogênica** e expõe o paciente a riscos desnecessários.

---

## 💡 DICA DE PROVA

> **""Regra dos 7""** — Em paciente estável, o limiar transfusional é **Hb < 7 g/dL**.
> 
> **Exceção:** Cardiopata sintomático / SCA → considerar **Hb < 8 g/dL**.

**Macete para lembrar:**
- **7** para o paciente **""tranquilo""**
- **8** para o paciente com **""coração apertado""** (isquemia)"
"1","64","📋 QUESTÃO 64 — CONTROLE GLICÊMICO NO PACIENTE CRÍTICO

🏥 Banca: Prova sem nome | Ano: não informado | Especialidade: Medicina Intensiva / Endocrinologia

━━━━━━━━━━━━━━━━━━━━━━━━━━━━━━━━━━━━━━
🎯 GABARITO: Alternativa D
✅ ATUALIZADA
━━━━━━━━━━━━━━━━━━━━━━━━━━━━━━━━━━━━━━

## 📝 COMENTÁRIO GERAL

Esta questão aborda um tema clássico e de grande relevância em terapia intensiva: o **manejo da hiperglicemia de estresse no paciente crítico**. A história do controle glicêmico em UTI passou por uma importante mudança de paradigma nas últimas duas décadas.

**Contexto histórico importante:**
- Em **2001**, o estudo de **Van den Berghe (Leuven I)** sugeriu que o controle glicêmico intensivo (80-110 mg/dL) reduzia mortalidade em pacientes cirúrgicos de UTI
- Essa conduta foi amplamente adotada, mas estudos subsequentes trouxeram preocupações

- Em **2009**, o estudo **NICE-SUGAR** (>6.000 pacientes) demonstrou que o controle intensivo (81-108 mg/dL) **aumentava a mortalidade** em comparação com o controle convencional (<180 mg/dL), principalmente pelo risco de **hipoglicemia grave**

**Recomendação atual (Surviving Sepsis Campaign 2021 e diretrizes de sociedades de terapia intensiva):**
- Iniciar insulinoterapia quando glicemia > **180 mg/dL**
- Manter glicemia entre **140-180 mg/dL** (alvo moderado)
- Evitar hipoglicemia (< 70 mg/dL) a todo custo
- Monitorização frequente da glicemia capilar

A **hiperglicemia de estresse** ocorre por liberação de hormônios contrarreguladores (cortisol, catecolaminas, glucagon, GH) e resistência insulínica periférica, sendo um marcador de gravidade e associada a piores desfechos.

---

## 🔍 ANÁLISE DAS ALTERNATIVAS

### ✅ Alternativa D — CORRETA
*""O controle glicêmico ideal em pacientes críticos atualmente recomendado é manter a glicemia entre 140 e 180 mg/dL.""*

**Perfeito!** Esta é a recomendação vigente baseada nas evidências do NICE-SUGAR e incorporada pela Surviving Sepsis Campaign. O alvo de **140-180 mg/dL** representa o equilíbrio ideal entre:
- Evitar os efeitos deletérios da hiperglicemia grave (disfunção imune, estresse oxidativo, disfunção endotelial)
- Prevenir hipoglicemia, que aumenta mortalidade e causa dano neurológico

---

### ❌ Alternativa A — INCORRETA
*""A hiperglicemia em pacientes críticos protege contra infecções e disfunção orgânica.""*

**Completamente falso.** A hiperglicemia em pacientes críticos está associada a:
- **Disfunção imunológica** (prejuízo na fagocitose, quimiotaxia e burst oxidativo de neutrófilos)
- **Maior risco de infecções** (especialmente infecções de sítio cirúrgico e pneumonia)
- **Disfunção endotelial** e estado pró-trombótico
- **Aumento de mortalidade**

A hiperglicemia é um **marcador de mau prognóstico**, não um fator protetor.

---

### ❌ Alternativa B — INCORRETA
*""Hipoglicemia grave em pacientes internados em UTI é rara e geralmente sem consequências neurológicas.""*

**Duplamente errado:**

1. **Não é rara** — especialmente com protocolos de controle intensivo, a incidência de hipoglicemia grave pode chegar a 6-10% dos pacientes

2. **Tem consequências graves** — a hipoglicemia em pacientes críticos está associada a:
   - Aumento de mortalidade (principal achado do NICE-SUGAR)
   - Arritmias cardíacas
   - Dano neurológico (o cérebro depende de glicose como substrato energético)
   - Resposta adrenérgica exacerbada

O paciente crítico frequentemente está sedado e não manifesta os sintomas autonômicos clássicos de hipoglicemia, tornando-a ainda mais perigosa.

---

### ❌ Alternativa C — INCORRETA
*""A hiperglicemia de estresse em pacientes graves é benigna e não está associada a piora do prognóstico.""*

**Incorreto.** A hiperglicemia de estresse é um **marcador de gravidade** e está **independentemente associada** a:
- Maior tempo de internação em UTI
- Maior incidência de infecções nosocomiais
- Maior disfunção orgânica
- **Aumento de mortalidade**

Mesmo em pacientes não diabéticos, a hiperglicemia de estresse confere pior prognóstico — alguns estudos sugerem que o impacto é ainda maior em não diabéticos do que em diabéticos.

---

### ❌ Alternativa E — INCORRETA
*""O controle rígido da glicemia, mantendo níveis entre 80 e 110 mg/dL, reduz a mortalidade em pacientes criticamente enfermos.""*

**Esta era a recomendação antiga, hoje abandonada.**

- O estudo de Van den Berghe (2001) sugeria benefício do controle intensivo
- O **NICE-SUGAR (2009)** refutou essa hipótese: o controle intensivo (80-110 mg/dL) **aumentou a mortalidade** em 2,6% (27,5% vs 24,9%, p=0,02)
- O principal mecanismo de dano foi a **hipoglicemia grave**, 6x mais frequente no grupo intensivo

**Conclusão:** O controle glicêmico ""rígido"" ou ""intensivo"" está **contraindicado** em pacientes críticos.

---

## 💡 DICA DE PROVA

> **""NICE-SUGAR = Não seja tão doce (não abaixe demais a glicemia)""**
> 
> Memorize: **Meta 140-180 mg/dL** em pacientes críticos
> 
> - Iniciar insulina se glicemia > 180 mg/dL
> - Nunca buscar normoglicemia (80-110) em UTI
> - Hipoglicemia mata mais que hiperglicemia moderada"
"1","65","📋 QUESTÃO 65 — BIÓPSIA DE LESÕES PIGMENTADAS SUSPEITAS DE MELANOMA

🏥 Banca: Prova sem nome | Ano: não informado | Especialidade: Dermatologia / Cirurgia Oncológica

━━━━━━━━━━━━━━━━━━━━━━━━━━━━━━━━━━━━━━
🎯 GABARITO: Alternativa E
✅ ATUALIZADA
━━━━━━━━━━━━━━━━━━━━━━━━━━━━━━━━━━━━━━

## 📝 COMENTÁRIO GERAL

Esta questão aborda a **conduta diagnóstica inicial frente a uma lesão pigmentada com características clínicas altamente suspeitas de melanoma**. O caso apresenta praticamente todos os critérios do **ABCDE do melanoma**:

| Critério | Achado no caso |
|----------|----------------|
| **A**ssimetria | ✓ Presente |
| **B**ordas irregulares | ✓ Presente |
| **C**oloração variada | ✓ Presente |
| **D**iâmetro > 6mm | ✓ 7mm |
| **E**volução | ✓ Crescimento em 8 meses + surgimento de áreas escuras |

O aspecto **nodular em um dos polos** é particularmente preocupante, pois pode indicar componente de crescimento vertical (fase invasiva).

### Princípios fundamentais da biópsia em lesões suspeitas de melanoma:

1. **Biópsia excisional é o padrão-ouro** → permite avaliação histopatológica completa (índice de Breslow, ulceração, mitoses, margens)

2. **Margens estreitas (1-3mm)** → suficientes para diagnóstico, sem comprometer o mapeamento linfático para eventual pesquisa de linfonodo sentinela

3. **Profundidade até gordura subcutânea** → essencial para mensuração precisa da espessura tumoral (Breslow), que é o principal fator prognóstico

4. **Evitar técnicas que fragmentem ou destruam a lesão** → shaving, curetagem e biópsias parciais comprometem o estadiamento

---

## 🔍 ANÁLISE DAS ALTERNATIVAS

### ✅ Alternativa E — CORRETA
> *""Realizar biópsia excisional com margens estreitas, incluindo toda a lesão e estendendo a profundidade até a gordura subcutânea.""*

Esta é a conduta preconizada pelas diretrizes da **Sociedade Brasileira de Dermatologia (SBD)**, **American Academy of Dermatology (AAD)** e **National Comprehensive Cancer Network (NCCN)** para lesões clinicamente suspeitas de melanoma.

**Por que margens estreitas (1-3mm)?**
- Permitem diagnóstico histológico completo
- Não interferem na ampliação cirúrgica posterior (que será guiada pelo Breslow)
- Preservam a drenagem linfática para pesquisa de linfonodo sentinela

**Por que até a gordura subcutânea?**
- O índice de Breslow (espessura em mm) é medido da camada granulosa até a célula tumoral mais profunda
- Biópsia superficial pode subestimar a espessura e comprometer o estadiamento

---

### ❌ Alternativa A — INCORRETA
> *""Proceder biópsia por raspagem (shaving) para evitar cicatriz inestética.""*

**Erro grave:** O shaving é **contraindicado** em lesões suspeitas de melanoma porque:

- Remove apenas a porção superficial da lesão
- **Impede a mensuração do índice de Breslow** (principal fator prognóstico)
- Pode resultar em ""Breslow indeterminado"" no laudo, obrigando nova abordagem
- A preocupação estética **nunca deve sobrepor-se à segurança oncológica**

⚠️ O shaving é aceitável apenas para lesões benignas (ceratoses seborreicas, nevos intradérmicos sem atipia).

---

### ❌ Alternativa B — INCORRETA
> *""Realizar biópsia incisional com punch de 2 mm na borda menos pigmentada da lesão.""*

**Erros conceituais:**

1. **Biópsia incisional/parcial** → não é o método ideal para lesões suspeitas de melanoma, pois:
   - Amostra apenas parte da lesão
   - Pode não representar a área de maior espessura
   - Risco de subestadiamento

2. **Punch de 2mm** → muito pequeno; se biópsia incisional fosse necessária (lesões muito grandes ou em locais especiais), recomenda-se punch de **pelo menos 4-6mm** na área mais espessa/nodular

3. **""Borda menos pigmentada""** → erro tático; se for necessária biópsia parcial, deve-se biopsiar a **área mais suspeita** (mais elevada, mais escura, nodular)

**Quando a biópsia incisional é aceitável?**
- Lesões muito extensas (ex: lentigo maligno facial gigante)
- Localizações que impeçam excisão primária (subungueal, mucosas)
- Mesmo assim, deve-se biopsiar a área **mais representativa**

---

### ❌ Alternativa C — INCORRETA
> *""Observar a evolução da lesão por três meses antes de indicar qualquer procedimento cirúrgico.""*

**Erro crítico:** Conduta expectante é **inaceitável** diante de lesão com múltiplos critérios de alarme.

- O melanoma pode progredir rapidamente de fase radial (in situ/fino) para vertical (invasivo)
- Cada milímetro adicional de espessura piora significativamente o prognóstico
- A evolução já está documentada (crescimento em 8 meses) — não há necessidade de ""confirmar""

**Sobrevida em 5 anos por espessura (Breslow):**
| Breslow | Sobrevida 5 anos |
|---------|------------------|
| < 1mm | ~95% |
| 1-2mm | ~80-90% |
| 2-4mm | ~60-75% |
| > 4mm | ~50% |

Postergar o diagnóstico pode significar a diferença entre cura e doença metastática.

---

### ❌ Alternativa D — INCORRETA
> *""Indicar ressecção ampla com margens oncológicas definitivas, dispensando biópsia diagnóstica prévia.""*

**Erro conceitual importante:** As margens oncológicas definitivas dependem do **índice de Breslow**, que só é conhecido após análise histopatológica.

| Breslow | Margem lateral recomendada |
|---------|---------------------------|
| In situ | 0,5 - 1 cm |
| ≤ 1mm | 1 cm |
| 1,01 - 2mm | 1 - 2 cm |
| > 2mm | 2 cm |

**Problemas da ressecção ampla ""às cegas"":**
- Se a lesão for benigna → excesso de tecido removido desnecessariamente
- Se as margens forem insuficientes para o Breslow real → necessidade de reoperação
- Se as margens forem excessivas → pode comprometer a pesquisa de linfonodo sentinela (alteração da drenagem linfática)

A abordagem correta é **biópsia"
"1","66","📋 QUESTÃO 66 — CUIDADOS PALIATIVOS E LIMITAÇÃO DE SUPORTE EM UTI

🏥 Banca: Prova sem nome | Ano: não informado | Especialidade: Medicina Intensiva / Bioética

━━━━━━━━━━━━━━━━━━━━━━━━━━━━━━━━━━━━━━
🎯 GABARITO: Alternativa A
✅ ATUALIZADA
━━━━━━━━━━━━━━━━━━━━━━━━━━━━━━━━━━━━━━

## 📝 COMENTÁRIO GERAL

Esta questão aborda um dos temas mais importantes e frequentes em provas de residência: a **tomada de decisão em pacientes críticos com prognóstico reservado** e os princípios éticos que norteiam a limitação de medidas fúteis.

O caso apresenta um paciente de 68 anos com **múltiplas disfunções orgânicas** (choque séptico + ventilação mecânica + hemodiálise + falência hepática aguda) após colectomia por megacólon tóxico, com **piora progressiva documentada pelo SOFA crescente**. Este cenário configura **falência orgânica múltipla (FMO) refratária**, condição com mortalidade extremamente elevada (>80-90%).

### Conceitos fundamentais:

| Conceito | Definição |
|----------|-----------|
| **Distanásia** | Prolongamento artificial do processo de morte com sofrimento |
| **Ortotanásia** | Morte no tempo certo, sem abreviação nem prolongamento artificial |
| **Obstinação terapêutica** | Insistência em tratamentos fúteis |
| **Futilidade** | Intervenção sem benefício real ao paciente |

O **Código de Ética Médica (CFM)** e a **Resolução CFM nº 1.805/2006** amparam a limitação de suporte avançado de vida quando há irreversibilidade do quadro, desde que haja:
- Comunicação clara com família/responsáveis
- Decisão compartilhada
- Registro em prontuário
- Manutenção de cuidados de conforto

---

## 🔍 ANÁLISE DAS ALTERNATIVAS

### ✅ Alternativa A — CORRETA
> *""Discutir com a família sobre o prognóstico, objetivos de cuidado e possibilidade de limitar medidas fúteis, envolvendo equipe de cuidados paliativos e comitê de ética.""*

Esta é a conduta **eticamente correta e legalmente amparada**. Os pilares são:

1. **Comunicação transparente** → família deve compreender a gravidade e irreversibilidade
2. **Decisão compartilhada** → respeito à autonomia (do paciente, se possível, ou da família)
3. **Equipe multiprofissional** → cuidados paliativos para manejo de sintomas e suporte emocional
4. **Comitê de ética** → respaldo institucional em casos complexos

A limitação de medidas fúteis **não é abandono** — mantém-se analgesia, sedação, higiene e dignidade.

---

### ❌ Alternativa B — INCORRETA
> *""Suspender todas as medidas de suporte e iniciar sedação profunda, sem comunicação prévia com a família...""*

**Erro grave em dois pontos:**

1. **Ausência de comunicação com a família** → viola o princípio da autonomia e o dever de informação (art. 34 do CEM)
2. **Sedação profunda sem discussão prévia** → pode configurar **eutanásia passiva**, que é ilegal no Brasil

A decisão de limitar suporte **nunca deve ser unilateral** do médico, exceto em situações de emergência sem tempo hábil (o que não é o caso).

---

### ❌ Alternativa C — INCORRETA
> *""Prosseguir com todas as medidas invasivas disponíveis, independentemente do prognóstico...""*

Esta conduta configura **distanásia** ou **obstinação terapêutica**, que:
- Prolonga o sofrimento sem benefício
- Consome recursos de forma fútil
- É considerada **má prática médica** pelo CFM

O medo de ""acusação de omissão"" não justifica tratamentos fúteis. A Resolução CFM 1.805/2006 protege o médico que limita suporte de forma ética e documentada.

---

### ❌ Alternativa D — INCORRETA
> *""Transferir o paciente para outro serviço com maior disponibilidade tecnológica, sem discutir a situação clínica atual.""*

**Problemas:**

1. **Transferência sem indicação clínica** → não há tecnologia que reverta FMO refratária
2. **Fuga da responsabilidade** → o médico assistente deve conduzir a discussão
3. **Risco ao paciente** → transporte de paciente instável aumenta morbimortalidade
4. **Ausência de comunicação** → novamente viola princípios éticos

---

### ❌ Alternativa E — INCORRETA
> *""Iniciar imediatamente suporte hepático extracorpóreo, mesmo sem evidência de benefício para este perfil de paciente.""*

O **suporte hepático extracorpóreo** (MARS, Prometheus) tem indicações específicas:
- Insuficiência hepática aguda **potencialmente reversível**
- Ponte para transplante hepático

No contexto de **FMO irreversível**, não há evidência de benefício. Iniciar terapia sem indicação adequada configura:
- Obstinação terapêutica
- Uso inadequado de recursos
- Exposição do paciente a riscos sem benefício

---

## 📚 REFERÊNCIAS APLICÁVEIS

- **Resolução CFM nº 1.805/2006** — Ortotanásia
- **Resolução CFM nº 1.995/2012** — Diretivas antecipadas de vontade
- **Código de Ética Médica (2019)** — Capítulo V (Relação com pacientes e familiares)
- **AMIB** — Recomendações sobre cuidados de fim de vida em UTI"
"1","67","📋 QUESTÃO 67 — TRAQUEOSTOMIA PRECOCE EM PACIENTES CRÍTICOS

🏥 Banca: Prova sem nome | Ano: não informado | Especialidade: Medicina Intensiva / Cirurgia

━━━━━━━━━━━━━━━━━━━━━━━━━━━━━━━━━━━━━━
🎯 GABARITO: Alternativa E
✅ ATUALIZADA
━━━━━━━━━━━━━━━━━━━━━━━━━━━━━━━━━━━━━━

## 📝 COMENTÁRIO GERAL

A questão aborda um tema clássico e frequente em provas de residência: **o momento ideal para indicação de traqueostomia em pacientes sob ventilação mecânica prolongada**.

O cenário apresentado é típico: paciente politraumatizado, com contusão pulmonar bilateral e múltiplas fraturas costais, em ventilação mecânica há 5 dias, com **previsão de necessidade ventilatória ≥ 14 dias**. Este é exatamente o perfil de paciente que se beneficia da discussão sobre traqueostomia precoce.

### Conceitos fundamentais:

**Definições temporais (mais aceitas na literatura):**
| Classificação | Tempo |
|---------------|-------|
| Traqueostomia precoce | ≤ 7-10 dias de VM |
| Traqueostomia tardia | > 10-14 dias de VM |

**Evidências atuais (metanálises e estudos como TracMan, SETPOINT):**

A traqueostomia precoce demonstra:
- ✅ **Redução do tempo de ventilação mecânica**
- ✅ **Redução do tempo de permanência em UTI**
- ✅ **Menor necessidade de sedação**
- ✅ **Facilita desmame ventilatório e mobilização**
- ✅ **Maior conforto do paciente**
- ⚠️ **SEM impacto consistente na mortalidade** (ponto crucial!)

Este último aspecto é frequentemente cobrado: a traqueostomia precoce **NÃO reduz mortalidade de forma consistente**, mas oferece benefícios em desfechos secundários clinicamente relevantes.

---

## 🔍 ANÁLISE DAS ALTERNATIVAS

### ✅ Alternativa E — CORRETA
> *""Indicar traqueostomia precoce (até 7 dias), pois há evidência de redução de tempo de ventilação mecânica e permanência na UTI, mesmo sem impacto consistente na mortalidade.""*

**Perfeita!** Resume com precisão as evidências atuais:
- Paciente com previsão de VM prolongada (≥14 dias) → candidato ideal
- Benefícios comprovados: menor tempo de VM e UTI
- Reconhece a limitação: sem redução de mortalidade

A indicação de traqueostomia precoce é particularmente forte quando há **previsibilidade de ventilação prolongada**, como neste caso de politrauma grave com contusão pulmonar bilateral.

---

### ❌ Alternativa A — INCORRETA
> *""Optar pela traqueostomia somente se houver falha na extubação após o 14º dia de ventilação mecânica.""*

**Erro:** Condicionar a traqueostomia à falha de extubação é uma abordagem **reativa e ultrapassada**. 

Quando já há previsão clara de VM prolongada (como no caso), aguardar falha de extubação:
- Prolonga desnecessariamente a intubação orotraqueal
- Aumenta riscos de lesão laríngea e estenose traqueal
- Retarda reabilitação e desmame

A decisão deve ser **proativa**, baseada na previsão de necessidade ventilatória.

---

### ❌ Alternativa B — INCORRETA
> *""Indicar traqueostomia percutânea precoce apenas se houver evidência de infecção de vias aéreas superiores.""*

**Erro:** A infecção de vias aéreas superiores **NÃO é critério para indicação** de traqueostomia precoce.

Na verdade, infecção ativa pode ser considerada **contraindicação relativa** ao procedimento, pelo risco de contaminação do sítio cirúrgico.

Os critérios para traqueostomia precoce são:
- Previsão de VM prolongada
- Dificuldade de desmame
- Necessidade de proteção de via aérea a longo prazo
- Facilitar cuidados e mobilização

---

### ❌ Alternativa C — INCORRETA
> *""Realizar traqueostomia apenas no centro cirúrgico, visto que a percutânea apresenta maior risco de complicações graves.""*

**Erro duplo:**

1. **A traqueostomia percutânea NÃO apresenta maior risco de complicações graves** — metanálises mostram perfil de segurança semelhante ou até superior à técnica cirúrgica aberta em pacientes selecionados.

2. **A traqueostomia percutânea pode ser realizada à beira do leito na UTI**, evitando riscos do transporte de paciente crítico.

| Técnica | Vantagens |
|---------|-----------|
| **Percutânea** | Menor incisão, menos infecção de sítio, realizada na UTI |
| **Cirúrgica aberta** | Melhor visualização, preferida em anatomia difícil |

Ambas são seguras quando bem indicadas e executadas por equipe experiente.

---

### ❌ Alternativa D — INCORRETA
> *""Manter intubação orotraqueal até o 14º dia, pois não há benefício comprovado na realização precoce de traqueostomia.""*

**Erro:** Afirmar que ""não há benefício comprovado"" é **factualmente incorreto**.

Há benefícios bem documentados:
- Redução de tempo de VM
- Redução de permanência em UTI
- Menor uso de sedação
- Melhor conforto e comunicação do paciente

O que **não está comprovado** é a redução de mortalidade — mas isso não significa ausência de benefício. A alternativa confunde ""sem impacto em mortalidade"" com ""sem benefício algum"".

---

## 💡 DICA DE PROVA

> **""Traqueostomia precoce: melhora desfechos, mas NÃO reduz mortalidade""**

Este é o ponto mais cobrado em provas! As bancas adoram testar se o candidato sabe que:
- ✅ Há benefícios reais (tempo de VM, tempo de UTI)
- ❌ Mas mortalidade não é afetada de forma consistente

**Indicações clássicas de traqueostomia precoce:**
- Previsão de VM > 14 dias
- Desmame difícil/prolongado
- Proteção de via aérea a longo prazo (neurológicos graves)
- Facilitar reabilitação em pacientes acordados"
"1","68","[ERRO AO GERAR COMENTÁRIO: HTTP 400: 400 Client Error: Bad Request for url: https://api.anthropic.com/v1/messages]"
"1","69","[ERRO AO GERAR COMENTÁRIO: HTTP 400: 400 Client Error: Bad Request for url: https://api.anthropic.com/v1/messages]"
"1","70","[ERRO AO GERAR COMENTÁRIO: HTTP 400: 400 Client Error: Bad Request for url: https://api.anthropic.com/v1/messages]"
